name,description,price,image,compatibleModels,sku,quantity
Black Antique,"Case Design: Solid charcoal with dark green undertones with cream outline Finger Strap Color: Solid charcoal with dark green undertones  and cream outline Case Features: Comfortable finger loop that can be used with either hand, Wallet pouch that is designed to fit 2 cards (as it breaks in, more cards can be added), Adjustable kickstand to prop up your phone, Vegan leather material, Shock-absorbing inner pad",19.99,"BlackAntique1.jpg, BlackAntique2.jpg, BlackAntique3.jpg",iPhone 11,ANT-IPH-11,10
Black Antique,"Case Design: Solid charcoal with dark green undertones with cream outline Finger Strap Color: Solid charcoal with dark green undertones  and cream outline Case Features: Comfortable finger loop that can be used with either hand, Wallet pouch that is designed to fit 2 cards (as it breaks in, more cards can be added), Adjustable kickstand to prop up your phone, Vegan leather material, Shock-absorbing inner pad",19.99,"BlackAntique1.jpg, BlackAntique2.jpg, BlackAntique3.jpg",iPhone 11 Pro,ANT-IPH-11P,9
Black Antique,"Case Design: Solid charcoal with dark green undertones with cream outline Finger Strap Color: Solid charcoal with dark green undertones  and cream outline Case Features: Comfortable finger loop that can be used with either hand, Wallet pouch that is designed to fit 2 cards (as it breaks in, more cards can be added), Adjustable kickstand to prop up your phone, Vegan leather material, Shock-absorbing inner pad",19.99,"BlackAntique1.jpg, BlackAntique2.jpg, BlackAntique3.jpg",iPhone 11 Pro Max,ANT-IPH-11P-MAX,10
Black Antique,"Case Design: Solid charcoal with dark green undertones with cream outline Finger Strap Color: Solid charcoal with dark green undertones  and cream outline Case Features: Comfortable finger loop that can be used with either hand, Wallet pouch that is designed to fit 2 cards (as it breaks in, more cards can be added), Adjustable kickstand to prop up your phone, Vegan leather material, Shock-absorbing inner pad",19.99,"BlackAntique1.jpg, BlackAntique2.jpg, BlackAntique3.jpg",iPhone 12,ANT-IPH-12,10
Black Antique,"Case Design: Solid charcoal with dark green undertones with cream outline Finger Strap Color: Solid charcoal with dark green undertones  and cream outline Case Features: Comfortable finger loop that can be used with either hand, Wallet pouch that is designed to fit 2 cards (as it breaks in, more cards can be added), Adjustable kickstand to prop up your phone, Vegan leather material, Shock-absorbing inner pad",19.99,"BlackAntique1.jpg, BlackAntique2.jpg, BlackAntique3.jpg",iPhone 12 Pro Max,ANT-IPH-12P-MAX,10
Black Antique,"Case Design: Solid charcoal with dark green undertones with cream outline Finger Strap Color: Solid charcoal with dark green undertones  and cream outline Case Features: Comfortable finger loop that can be used with either hand, Wallet pouch that is designed to fit 2 cards (as it breaks in, more cards can be added), Adjustable kickstand to prop up your phone, Vegan leather material, Shock-absorbing inner pad",19.99,"BlackAntique1.jpg, BlackAntique2.jpg, BlackAntique3.jpg",iPhone 13,ANT-IPH-13,10
Black Antique,"Case Design: Solid charcoal with dark green undertones with cream outline Finger Strap Color: Solid charcoal with dark green undertones  and cream outline Case Features: Comfortable finger loop that can be used with either hand, Wallet pouch that is designed to fit 2 cards (as it breaks in, more cards can be added), Adjustable kickstand to prop up your phone, Vegan leather material, Shock-absorbing inner pad",19.99,"BlackAntique1.jpg, BlackAntique2.jpg, BlackAntique3.jpg",iPhone 13 Pro,ANT-IPH-13P,7
Black Antique,"Case Design: Solid charcoal with dark green undertones with cream outline Finger Strap Color: Solid charcoal with dark green undertones  and cream outline Case Features: Comfortable finger loop that can be used with either hand, Wallet pouch that is designed to fit 2 cards (as it breaks in, more cards can be added), Adjustable kickstand to prop up your phone, Vegan leather material, Shock-absorbing inner pad",19.99,"BlackAntique1.jpg, BlackAntique2.jpg, BlackAntique3.jpg",iPhone 13 Pro Max,ANT-IPH-13P-MAX,10
Black Antique,"Case Design: Solid charcoal with dark green undertones with cream outline Finger Strap Color: Solid charcoal with dark green undertones  and cream outline Case Features: Comfortable finger loop that can be used with either hand, Wallet pouch that is designed to fit 2 cards (as it breaks in, more cards can be added), Adjustable kickstand to prop up your phone, Vegan leather material, Shock-absorbing inner pad",19.99,"BlackAntique1.jpg, BlackAntique2.jpg, BlackAntique3.jpg",iPhone 14,ANT-IPH-14,10
Black Antique,"Case Design: Solid charcoal with dark green undertones with cream outline Finger Strap Color: Solid charcoal with dark green undertones  and cream outline Case Features: Comfortable finger loop that can be used with either hand, Wallet pouch that is designed to fit 2 cards (as it breaks in, more cards can be added), Adjustable kickstand to prop up your phone, Vegan leather material, Shock-absorbing inner pad",19.99,"BlackAntique1.jpg, BlackAntique2.jpg, BlackAntique3.jpg",iPhone 14 Pro,ANT-IPH-14P,10
Black Antique,"Case Design: Solid charcoal with dark green undertones with cream outline Finger Strap Color: Solid charcoal with dark green undertones  and cream outline Case Features: Comfortable finger loop that can be used with either hand, Wallet pouch that is designed to fit 2 cards (as it breaks in, more cards can be added), Adjustable kickstand to prop up your phone, Vegan leather material, Shock-absorbing inner pad",19.99,"BlackAntique1.jpg, BlackAntique2.jpg, BlackAntique3.jpg",iPhone 14 Pro Max,ANT-IPH-14P-MAX,10
Blacked Out Leopard,"Case Design: Iridescent black leopard print Finger Strap Color: Solid Black Case Features: Comfortable finger loop that can be used with either hand, Wallet pouch that is designed to fit 2 cards (as it breaks in, more cards can be added), Adjustable kickstand to prop up your phone, Vegan leather material, Shock-absorbing inner pad",19.99,"BlackOutLeopard1.jpg, BlackedOutLeopard.jpg, BlackOutLeopard3.jpg, BlackOutLeopard4.jpg",iPhone 11,BLA-IPH-11,10
Blacked Out Leopard,"Case Design: Iridescent black leopard print Finger Strap Color: Solid Black Case Features: Comfortable finger loop that can be used with either hand, Wallet pouch that is designed to fit 2 cards (as it breaks in, more cards can be added), Adjustable kickstand to prop up your phone, Vegan leather material, Shock-absorbing inner pad",19.99,"BlackOutLeopard1.jpg, BlackedOutLeopard.jpg, BlackOutLeopard3.jpg, BlackOutLeopard4.jpg",iPhone 11 Pro,BLA-IPH-11P,10
Blacked Out Leopard,"Case Design: Iridescent black leopard print Finger Strap Color: Solid Black Case Features: Comfortable finger loop that can be used with either hand, Wallet pouch that is designed to fit 2 cards (as it breaks in, more cards can be added), Adjustable kickstand to prop up your phone, Vegan leather material, Shock-absorbing inner pad",19.99,"BlackOutLeopard1.jpg, BlackedOutLeopard.jpg, BlackOutLeopard3.jpg, BlackOutLeopard4.jpg",iPhone 11 Pro Max,BLA-IPH-11P-MAX,10
Blacked Out Leopard,"Case Design: Iridescent black leopard print Finger Strap Color: Solid Black Case Features: Comfortable finger loop that can be used with either hand, Wallet pouch that is designed to fit 2 cards (as it breaks in, more cards can be added), Adjustable kickstand to prop up your phone, Vegan leather material, Shock-absorbing inner pad",19.99,"BlackOutLeopard1.jpg, BlackedOutLeopard.jpg, BlackOutLeopard3.jpg, BlackOutLeopard4.jpg",iPhone 12,BLA-IPH-12,20
Blacked Out Leopard,"Case Design: Iridescent black leopard print Finger Strap Color: Solid Black Case Features: Comfortable finger loop that can be used with either hand, Wallet pouch that is designed to fit 2 cards (as it breaks in, more cards can be added), Adjustable kickstand to prop up your phone, Vegan leather material, Shock-absorbing inner pad",19.99,"BlackOutLeopard1.jpg, BlackedOutLeopard.jpg, BlackOutLeopard3.jpg, BlackOutLeopard4.jpg",iPhone 13 Pro,BLA-IPH-13P,30
Blacked Out Leopard,"Case Design: Iridescent black leopard print Finger Strap Color: Solid Black Case Features: Comfortable finger loop that can be used with either hand, Wallet pouch that is designed to fit 2 cards (as it breaks in, more cards can be added), Adjustable kickstand to prop up your phone, Vegan leather material, Shock-absorbing inner pad",19.99,"BlackOutLeopard1.jpg, BlackedOutLeopard.jpg, BlackOutLeopard3.jpg, BlackOutLeopard4.jpg",iPhone 13 Pro Max,BLA-IPH-13P-MAX,19
Blacked Out Leopard,"Case Design: Iridescent black leopard print Finger Strap Color: Solid Black Case Features: Comfortable finger loop that can be used with either hand, Wallet pouch that is designed to fit 2 cards (as it breaks in, more cards can be added), Adjustable kickstand to prop up your phone, Vegan leather material, Shock-absorbing inner pad",19.99,"BlackOutLeopard1.jpg, BlackedOutLeopard.jpg, BlackOutLeopard3.jpg, BlackOutLeopard4.jpg",iPhone 14,BLA-IPH-14,15
Blacked Out Leopard,"Case Design: Iridescent black leopard print Finger Strap Color: Solid Black Case Features: Comfortable finger loop that can be used with either hand, Wallet pouch that is designed to fit 2 cards (as it breaks in, more cards can be added), Adjustable kickstand to prop up your phone, Vegan leather material, Shock-absorbing inner pad",19.99,"BlackOutLeopard1.jpg, BlackedOutLeopard.jpg, BlackOutLeopard3.jpg, BlackOutLeopard4.jpg",iPhone 14 Pro,BLA-IPH-14P,14
Blacked Out Leopard,"Case Design: Iridescent black leopard print Finger Strap Color: Solid Black Case Features: Comfortable finger loop that can be used with either hand, Wallet pouch that is designed to fit 2 cards (as it breaks in, more cards can be added), Adjustable kickstand to prop up your phone, Vegan leather material, Shock-absorbing inner pad",19.99,"BlackOutLeopard1.jpg, BlackedOutLeopard.jpg, BlackOutLeopard3.jpg, BlackOutLeopard4.jpg",iPhone 14 Pro Max,BLA-IPH-14P-MAX,14
Blushing Leopard,"Case Design: Iridescent soft pink leopard Finger Strap Color: Iridescent soft pink leopardCase Features: Comfortable finger loop that can be used with either hand, Wallet pouch that is designed to fit 2 cards (as it breaks in, more cards can be added), Adjustable kickstand to prop up your phone, Vegan leather material, Shock-absorbing inner pad",19.99,"BlushingLeopard1.jpg, BlushingLeopard2.jpg, BlushingLeopard3.jpg, BlushingLeopard4.jpg, BlushingLeopard5.jpg",iPhone 11,BLU-IPH-11,9
Blushing Leopard,"Case Design: Iridescent soft pink leopard Finger Strap Color: Iridescent soft pink leopardCase Features: Comfortable finger loop that can be used with either hand, Wallet pouch that is designed to fit 2 cards (as it breaks in, more cards can be added), Adjustable kickstand to prop up your phone, Vegan leather material, Shock-absorbing inner pad",19.99,"BlushingLeopard1.jpg, BlushingLeopard2.jpg, BlushingLeopard3.jpg, BlushingLeopard4.jpg, BlushingLeopard5.jpg",iPhone 11 Pro,BLU-IPH-11P,10
Blushing Leopard,"Case Design: Iridescent soft pink leopard Finger Strap Color: Iridescent soft pink leopardCase Features: Comfortable finger loop that can be used with either hand, Wallet pouch that is designed to fit 2 cards (as it breaks in, more cards can be added), Adjustable kickstand to prop up your phone, Vegan leather material, Shock-absorbing inner pad",19.99,"BlushingLeopard1.jpg, BlushingLeopard2.jpg, BlushingLeopard3.jpg, BlushingLeopard4.jpg, BlushingLeopard5.jpg",iPhone 11 Pro Max,BLU-IPH-11P-MAX,10
Blushing Leopard,"Case Design: Iridescent soft pink leopard Finger Strap Color: Iridescent soft pink leopardCase Features: Comfortable finger loop that can be used with either hand, Wallet pouch that is designed to fit 2 cards (as it breaks in, more cards can be added), Adjustable kickstand to prop up your phone, Vegan leather material, Shock-absorbing inner pad",19.99,"BlushingLeopard1.jpg, BlushingLeopard2.jpg, BlushingLeopard3.jpg, BlushingLeopard4.jpg, BlushingLeopard5.jpg",iPhone 12 ,BLU-IPH-12,10
Blushing Leopard,"Case Design: Iridescent soft pink leopard Finger Strap Color: Iridescent soft pink leopardCase Features: Comfortable finger loop that can be used with either hand, Wallet pouch that is designed to fit 2 cards (as it breaks in, more cards can be added), Adjustable kickstand to prop up your phone, Vegan leather material, Shock-absorbing inner pad",19.99,"BlushingLeopard1.jpg, BlushingLeopard2.jpg, BlushingLeopard3.jpg, BlushingLeopard4.jpg, BlushingLeopard5.jpg",iPhone 12 Pro Max,BLU-IPH-12P-MAX,10
Blushing Leopard,"Case Design: Iridescent soft pink leopard Finger Strap Color: Iridescent soft pink leopardCase Features: Comfortable finger loop that can be used with either hand, Wallet pouch that is designed to fit 2 cards (as it breaks in, more cards can be added), Adjustable kickstand to prop up your phone, Vegan leather material, Shock-absorbing inner pad",19.99,"BlushingLeopard1.jpg, BlushingLeopard2.jpg, BlushingLeopard3.jpg, BlushingLeopard4.jpg, BlushingLeopard5.jpg",iPhone 13 ,BLU-IPH-13,9
Blushing Leopard,"Case Design: Iridescent soft pink leopard Finger Strap Color: Iridescent soft pink leopardCase Features: Comfortable finger loop that can be used with either hand, Wallet pouch that is designed to fit 2 cards (as it breaks in, more cards can be added), Adjustable kickstand to prop up your phone, Vegan leather material, Shock-absorbing inner pad",19.99,"BlushingLeopard1.jpg, BlushingLeopard2.jpg, BlushingLeopard3.jpg, BlushingLeopard4.jpg, BlushingLeopard5.jpg",iPhone 13 Pro,BLU-IPH-13P,10
Blushing Leopard,"Case Design: Iridescent soft pink leopard Finger Strap Color: Iridescent soft pink leopardCase Features: Comfortable finger loop that can be used with either hand, Wallet pouch that is designed to fit 2 cards (as it breaks in, more cards can be added), Adjustable kickstand to prop up your phone, Vegan leather material, Shock-absorbing inner pad",19.99,"BlushingLeopard1.jpg, BlushingLeopard2.jpg, BlushingLeopard3.jpg, BlushingLeopard4.jpg, BlushingLeopard5.jpg",iPhone 13 Pro Max,BLU-IPH-13P-MAX,10
Blushing Leopard,"Case Design: Iridescent soft pink leopard Finger Strap Color: Iridescent soft pink leopardCase Features: Comfortable finger loop that can be used with either hand, Wallet pouch that is designed to fit 2 cards (as it breaks in, more cards can be added), Adjustable kickstand to prop up your phone, Vegan leather material, Shock-absorbing inner pad",19.99,"BlushingLeopard1.jpg, BlushingLeopard2.jpg, BlushingLeopard3.jpg, BlushingLeopard4.jpg, BlushingLeopard5.jpg",iPhone 14,BLU-IPH-14,10
Blushing Leopard,"Case Design: Iridescent soft pink leopard Finger Strap Color: Iridescent soft pink leopardCase Features: Comfortable finger loop that can be used with either hand, Wallet pouch that is designed to fit 2 cards (as it breaks in, more cards can be added), Adjustable kickstand to prop up your phone, Vegan leather material, Shock-absorbing inner pad",19.99,"BlushingLeopard1.jpg, BlushingLeopard2.jpg, BlushingLeopard3.jpg, BlushingLeopard4.jpg, BlushingLeopard5.jpg",iPhone 14 Pro,BLU-IPH-14P,9
Blushing Leopard,"Case Design: Iridescent soft pink leopard Finger Strap Color: Iridescent soft pink leopardCase Features: Comfortable finger loop that can be used with either hand, Wallet pouch that is designed to fit 2 cards (as it breaks in, more cards can be added), Adjustable kickstand to prop up your phone, Vegan leather material, Shock-absorbing inner pad",19.99,"BlushingLeopard1.jpg, BlushingLeopard2.jpg, BlushingLeopard3.jpg, BlushingLeopard4.jpg, BlushingLeopard5.jpg",iPhone 14 Pro Max,BLU-IPH-14P-MAX,10
Brown Leopard,"Case Design: Brown leopard print Finger Strap Color: Solid dark brown Case Features: Comfortable finger loop that can be used with either hand, Wallet pouch that is designed to fit 2 cards (as it breaks in, more cards can be added), Adjustable kickstand to prop up your phone, Vegan leather material, Shock-absorbing inner pad",19.99,"BrownLeopard1.jpg, BrownLeopard2.jpg",iPhone 11 Pro,BRO-IPH-11P,10
Brown Leopard,"Case Design: Brown leopard print Finger Strap Color: Solid dark brown Case Features: Comfortable finger loop that can be used with either hand, Wallet pouch that is designed to fit 2 cards (as it breaks in, more cards can be added), Adjustable kickstand to prop up your phone, Vegan leather material, Shock-absorbing inner pad",19.99,"BrownLeopard1.jpg, BrownLeopard2.jpg",iPhone 11 Pro Max,BRO-IPH-11P-MAX,8
Brown Leopard,"Case Design: Brown leopard print Finger Strap Color: Solid dark brown Case Features: Comfortable finger loop that can be used with either hand, Wallet pouch that is designed to fit 2 cards (as it breaks in, more cards can be added), Adjustable kickstand to prop up your phone, Vegan leather material, Shock-absorbing inner pad",19.99,"BrownLeopard1.jpg, BrownLeopard2.jpg",iPhone 12,BRO-IPH-12,10
Brown Leopard,"Case Design: Brown leopard print Finger Strap Color: Solid dark brown Case Features: Comfortable finger loop that can be used with either hand, Wallet pouch that is designed to fit 2 cards (as it breaks in, more cards can be added), Adjustable kickstand to prop up your phone, Vegan leather material, Shock-absorbing inner pad",19.99,"BrownLeopard1.jpg, BrownLeopard2.jpg",iPhone 12 Pro Max,BRO-IPH-12P-MAX,10
Brown Leopard,"Case Design: Brown leopard print Finger Strap Color: Solid dark brown Case Features: Comfortable finger loop that can be used with either hand, Wallet pouch that is designed to fit 2 cards (as it breaks in, more cards can be added), Adjustable kickstand to prop up your phone, Vegan leather material, Shock-absorbing inner pad",19.99,"BrownLeopard1.jpg, BrownLeopard2.jpg",iPhone 13,BRO-IPH-13,19
Brown Leopard,"Case Design: Brown leopard print Finger Strap Color: Solid dark brown Case Features: Comfortable finger loop that can be used with either hand, Wallet pouch that is designed to fit 2 cards (as it breaks in, more cards can be added), Adjustable kickstand to prop up your phone, Vegan leather material, Shock-absorbing inner pad",19.99,"BrownLeopard1.jpg, BrownLeopard2.jpg",iPhone 13 Pro,BRO-IPH-13P,18
Brown Leopard,"Case Design: Brown leopard print Finger Strap Color: Solid dark brown Case Features: Comfortable finger loop that can be used with either hand, Wallet pouch that is designed to fit 2 cards (as it breaks in, more cards can be added), Adjustable kickstand to prop up your phone, Vegan leather material, Shock-absorbing inner pad",19.99,"BrownLeopard1.jpg, BrownLeopard2.jpg",iPhone 13 Pro Max,BRO-IPH-13P-MAX,20
Brown Leopard,"Case Design: Brown leopard print Finger Strap Color: Solid dark brown Case Features: Comfortable finger loop that can be used with either hand, Wallet pouch that is designed to fit 2 cards (as it breaks in, more cards can be added), Adjustable kickstand to prop up your phone, Vegan leather material, Shock-absorbing inner pad",19.99,"BrownLeopard1.jpg, BrownLeopard2.jpg",iPhone 14,BRO-IPH-14,10
Brown Leopard,"Case Design: Brown leopard print Finger Strap Color: Solid dark brown Case Features: Comfortable finger loop that can be used with either hand, Wallet pouch that is designed to fit 2 cards (as it breaks in, more cards can be added), Adjustable kickstand to prop up your phone, Vegan leather material, Shock-absorbing inner pad",19.99,"BrownLeopard1.jpg, BrownLeopard2.jpg",iPhone 14 Pro,BRO-IPH-14P,10
Brown Leopard,"Case Design: Brown leopard print Finger Strap Color: Solid dark brown Case Features: Comfortable finger loop that can be used with either hand, Wallet pouch that is designed to fit 2 cards (as it breaks in, more cards can be added), Adjustable kickstand to prop up your phone, Vegan leather material, Shock-absorbing inner pad",19.99,"BrownLeopard1.jpg, BrownLeopard2.jpg",iPhone 14 Pro Max,BRO-IPH-14P-MAX,10
Chestnut Checks,"Case Design: Brown and Cream Checker Finger Strap Color: Brown and Cream Checker Case Features: Comfortable finger loop that can be used with either hand, Wallet pouch that is designed to fit 2 cards (as it breaks in, more cards can be added), Adjustable kickstand to prop up your phone, Vegan leather material, Shock-absorbing inner pad",19.99,"ChestnutChecks1.jpg, ChestnutChecks2.jpg, , ChestnutChecks3.jpg, ChestnutChecks4.jpg, ChestnutChecks5.jpg",iPhone 11,CC-IPH-11,10
Chestnut Checks,"Case Design: Brown and Cream Checker Finger Strap Color: Brown and Cream Checker Case Features: Comfortable finger loop that can be used with either hand, Wallet pouch that is designed to fit 2 cards (as it breaks in, more cards can be added), Adjustable kickstand to prop up your phone, Vegan leather material, Shock-absorbing inner pad",19.99,"ChestnutChecks1.jpg, ChestnutChecks2.jpg, , ChestnutChecks3.jpg, ChestnutChecks4.jpg, ChestnutChecks5.jpg",iPhone 11 Pro,CC-IPH-11P,10
Chestnut Checks,"Case Design: Brown and Cream Checker Finger Strap Color: Brown and Cream Checker Case Features: Comfortable finger loop that can be used with either hand, Wallet pouch that is designed to fit 2 cards (as it breaks in, more cards can be added), Adjustable kickstand to prop up your phone, Vegan leather material, Shock-absorbing inner pad",19.99,"ChestnutChecks1.jpg, ChestnutChecks2.jpg, , ChestnutChecks3.jpg, ChestnutChecks4.jpg, ChestnutChecks5.jpg",iPhone 11 Pro Max,CC-IPH-11P-MAX,10
Chestnut Checks,"Case Design: Brown and Cream Checker Finger Strap Color: Brown and Cream Checker Case Features: Comfortable finger loop that can be used with either hand, Wallet pouch that is designed to fit 2 cards (as it breaks in, more cards can be added), Adjustable kickstand to prop up your phone, Vegan leather material, Shock-absorbing inner pad",19.99,"ChestnutChecks1.jpg, ChestnutChecks2.jpg, , ChestnutChecks3.jpg, ChestnutChecks4.jpg, ChestnutChecks5.jpg",iPhone 12 ,CC-IPH-12,18
Chestnut Checks,"Case Design: Brown and Cream Checker Finger Strap Color: Brown and Cream Checker Case Features: Comfortable finger loop that can be used with either hand, Wallet pouch that is designed to fit 2 cards (as it breaks in, more cards can be added), Adjustable kickstand to prop up your phone, Vegan leather material, Shock-absorbing inner pad",19.99,"ChestnutChecks1.jpg, ChestnutChecks2.jpg, , ChestnutChecks3.jpg, ChestnutChecks4.jpg, ChestnutChecks5.jpg",iPhone 12 Pro Max,CC-IPH-12P-MAX,14
Chestnut Checks,"Case Design: Brown and Cream Checker Finger Strap Color: Brown and Cream Checker Case Features: Comfortable finger loop that can be used with either hand, Wallet pouch that is designed to fit 2 cards (as it breaks in, more cards can be added), Adjustable kickstand to prop up your phone, Vegan leather material, Shock-absorbing inner pad",19.99,"ChestnutChecks1.jpg, ChestnutChecks2.jpg, , ChestnutChecks3.jpg, ChestnutChecks4.jpg, ChestnutChecks5.jpg",iPhone 13,CC-IPH-13,57
Chestnut Checks,"Case Design: Brown and Cream Checker Finger Strap Color: Brown and Cream Checker Case Features: Comfortable finger loop that can be used with either hand, Wallet pouch that is designed to fit 2 cards (as it breaks in, more cards can be added), Adjustable kickstand to prop up your phone, Vegan leather material, Shock-absorbing inner pad",19.99,"ChestnutChecks1.jpg, ChestnutChecks2.jpg, , ChestnutChecks3.jpg, ChestnutChecks4.jpg, ChestnutChecks5.jpg",iPhone 13 Pro,CC-IPH-13P,36
Chestnut Checks,"Case Design: Brown and Cream Checker Finger Strap Color: Brown and Cream Checker Case Features: Comfortable finger loop that can be used with either hand, Wallet pouch that is designed to fit 2 cards (as it breaks in, more cards can be added), Adjustable kickstand to prop up your phone, Vegan leather material, Shock-absorbing inner pad",19.99,"ChestnutChecks1.jpg, ChestnutChecks2.jpg, , ChestnutChecks3.jpg, ChestnutChecks4.jpg, ChestnutChecks5.jpg",iPhone 13 Pro Max,CC-IPH-13P-MAX,29
Chestnut Checks,"Case Design: Brown and Cream Checker Finger Strap Color: Brown and Cream Checker Case Features: Comfortable finger loop that can be used with either hand, Wallet pouch that is designed to fit 2 cards (as it breaks in, more cards can be added), Adjustable kickstand to prop up your phone, Vegan leather material, Shock-absorbing inner pad",19.99,"ChestnutChecks1.jpg, ChestnutChecks2.jpg, , ChestnutChecks3.jpg, ChestnutChecks4.jpg, ChestnutChecks5.jpg",iPhone 14,CC-IPH-14,19
Chestnut Checks,"Case Design: Brown and Cream Checker Finger Strap Color: Brown and Cream Checker Case Features: Comfortable finger loop that can be used with either hand, Wallet pouch that is designed to fit 2 cards (as it breaks in, more cards can be added), Adjustable kickstand to prop up your phone, Vegan leather material, Shock-absorbing inner pad",19.99,"ChestnutChecks1.jpg, ChestnutChecks2.jpg, , ChestnutChecks3.jpg, ChestnutChecks4.jpg, ChestnutChecks5.jpg",iPhone 14 Pro,CC-IPH-14P,19
Chestnut Checks,"Case Design: Brown and Cream Checker Finger Strap Color: Brown and Cream Checker Case Features: Comfortable finger loop that can be used with either hand, Wallet pouch that is designed to fit 2 cards (as it breaks in, more cards can be added), Adjustable kickstand to prop up your phone, Vegan leather material, Shock-absorbing inner pad",19.99,"ChestnutChecks1.jpg, ChestnutChecks2.jpg, , ChestnutChecks3.jpg, ChestnutChecks4.jpg, ChestnutChecks5.jpg",iPhone 14 Pro Max,CC-IPH-14P-MAX,19
Blue Check,"Case Design: Two-tone baby blue checker Finger Strap Color: Two-tone baby blue checker Case Features: Comfortable finger loop that can be used with either hand, Wallet pouch that is designed to fit 2 cards (as it breaks in, more cards can be added), Adjustable kickstand to prop up your phone, Vegan leather material, Shock-absorbing inner pad",19.99,"BlueCheck1.jpg, BlueCheck2.jpg, BlueCheck3.jpg, BlueCheck4.jpg",iPhone 12 ,CHE-IPH-12,9
Blue Check,"Case Design: Two-tone baby blue checker Finger Strap Color: Two-tone baby blue checker Case Features: Comfortable finger loop that can be used with either hand, Wallet pouch that is designed to fit 2 cards (as it breaks in, more cards can be added), Adjustable kickstand to prop up your phone, Vegan leather material, Shock-absorbing inner pad",19.99,"BlueCheck1.jpg, BlueCheck2.jpg, BlueCheck3.jpg, BlueCheck4.jpg",iPhone 12 Pro Max,CHE-IPH-12P-MAX,10
Blue Check,"Case Design: Two-tone baby blue checker Finger Strap Color: Two-tone baby blue checker Case Features: Comfortable finger loop that can be used with either hand, Wallet pouch that is designed to fit 2 cards (as it breaks in, more cards can be added), Adjustable kickstand to prop up your phone, Vegan leather material, Shock-absorbing inner pad",19.99,"BlueCheck1.jpg, BlueCheck2.jpg, BlueCheck3.jpg, BlueCheck4.jpg",iPhone 13,CHE-IPH-13,8
Blue Check,"Case Design: Two-tone baby blue checker Finger Strap Color: Two-tone baby blue checker Case Features: Comfortable finger loop that can be used with either hand, Wallet pouch that is designed to fit 2 cards (as it breaks in, more cards can be added), Adjustable kickstand to prop up your phone, Vegan leather material, Shock-absorbing inner pad",19.99,"BlueCheck1.jpg, BlueCheck2.jpg, BlueCheck3.jpg, BlueCheck4.jpg",iPhone 13 Pro,CHE-IPH-13P,10
Blue Check,"Case Design: Two-tone baby blue checker Finger Strap Color: Two-tone baby blue checker Case Features: Comfortable finger loop that can be used with either hand, Wallet pouch that is designed to fit 2 cards (as it breaks in, more cards can be added), Adjustable kickstand to prop up your phone, Vegan leather material, Shock-absorbing inner pad",19.99,"BlueCheck1.jpg, BlueCheck2.jpg, BlueCheck3.jpg, BlueCheck4.jpg",iPhone 13 Pro Max,CHE-IPH-13P-MAX,10
Blue Check,"Case Design: Two-tone baby blue checker Finger Strap Color: Two-tone baby blue checker Case Features: Comfortable finger loop that can be used with either hand, Wallet pouch that is designed to fit 2 cards (as it breaks in, more cards can be added), Adjustable kickstand to prop up your phone, Vegan leather material, Shock-absorbing inner pad",19.99,"BlueCheck1.jpg, BlueCheck2.jpg, BlueCheck3.jpg, BlueCheck4.jpg",iPhone 14 Pro,CHE-IPH-14P,9
Blue Check,"Case Design: Two-tone baby blue checker Finger Strap Color: Two-tone baby blue checker Case Features: Comfortable finger loop that can be used with either hand, Wallet pouch that is designed to fit 2 cards (as it breaks in, more cards can be added), Adjustable kickstand to prop up your phone, Vegan leather material, Shock-absorbing inner pad",19.99,"BlueCheck1.jpg, BlueCheck2.jpg, BlueCheck3.jpg, BlueCheck4.jpg",iPhone 14 Pro Max,CHE-IPH-14P-MAX,8
Dalmatian Dots,"Case Design: Black and white dot pattern Finger Strap Color: Forest green Case Features: Comfortable finger loop that can be used with either hand, Wallet pouch that is designed to fit 2 cards (as it breaks in, more cards can be added), Adjustable kickstand to prop up your phone, Vegan leather material, Shock-absorbing inner pad",19.99,"DalmatianDots1.jpg, DalmatianDots2.jpg, DalmatianDots3.jpg, DalmatianDots4.jpg",iPhone 12 ,DAL-IPH-12,10
Dalmatian Dots,"Case Design: Black and white dot pattern Finger Strap Color: Forest green Case Features: Comfortable finger loop that can be used with either hand, Wallet pouch that is designed to fit 2 cards (as it breaks in, more cards can be added), Adjustable kickstand to prop up your phone, Vegan leather material, Shock-absorbing inner pad",19.99,"DalmatianDots1.jpg, DalmatianDots2.jpg, DalmatianDots3.jpg, DalmatianDots4.jpg",iPhone 12 Pro Max,DAL-IPH-12P-MAX,10
Dalmatian Dots,"Case Design: Black and white dot pattern Finger Strap Color: Forest green Case Features: Comfortable finger loop that can be used with either hand, Wallet pouch that is designed to fit 2 cards (as it breaks in, more cards can be added), Adjustable kickstand to prop up your phone, Vegan leather material, Shock-absorbing inner pad",19.99,"DalmatianDots1.jpg, DalmatianDots2.jpg, DalmatianDots3.jpg, DalmatianDots4.jpg",iPhone 13,DAL-IPH-13,10
Dalmatian Dots,"Case Design: Black and white dot pattern Finger Strap Color: Forest green Case Features: Comfortable finger loop that can be used with either hand, Wallet pouch that is designed to fit 2 cards (as it breaks in, more cards can be added), Adjustable kickstand to prop up your phone, Vegan leather material, Shock-absorbing inner pad",19.99,"DalmatianDots1.jpg, DalmatianDots2.jpg, DalmatianDots3.jpg, DalmatianDots4.jpg",iPhone 13 Pro,DAL-IPH-13P,10
Dalmatian Dots,"Case Design: Black and white dot pattern Finger Strap Color: Forest green Case Features: Comfortable finger loop that can be used with either hand, Wallet pouch that is designed to fit 2 cards (as it breaks in, more cards can be added), Adjustable kickstand to prop up your phone, Vegan leather material, Shock-absorbing inner pad",19.99,"DalmatianDots1.jpg, DalmatianDots2.jpg, DalmatianDots3.jpg, DalmatianDots4.jpg",iPhone 13 Pro Max,DAL-IPH-13P-MAX,9
Dalmatian Dots,"Case Design: Black and white dot pattern Finger Strap Color: Forest green Case Features: Comfortable finger loop that can be used with either hand, Wallet pouch that is designed to fit 2 cards (as it breaks in, more cards can be added), Adjustable kickstand to prop up your phone, Vegan leather material, Shock-absorbing inner pad",19.99,"DalmatianDots1.jpg, DalmatianDots2.jpg, DalmatianDots3.jpg, DalmatianDots4.jpg",iPhone 14,DAL-IPH-14,9
Dalmatian Dots,"Case Design: Black and white dot pattern Finger Strap Color: Forest green Case Features: Comfortable finger loop that can be used with either hand, Wallet pouch that is designed to fit 2 cards (as it breaks in, more cards can be added), Adjustable kickstand to prop up your phone, Vegan leather material, Shock-absorbing inner pad",19.99,"DalmatianDots1.jpg, DalmatianDots2.jpg, DalmatianDots3.jpg, DalmatianDots4.jpg",iPhone 14 Pro,DAL-IPH-14P,10
Dalmatian Dots,"Case Design: Black and white dot pattern Finger Strap Color: Forest green Case Features: Comfortable finger loop that can be used with either hand, Wallet pouch that is designed to fit 2 cards (as it breaks in, more cards can be added), Adjustable kickstand to prop up your phone, Vegan leather material, Shock-absorbing inner pad",19.99,"DalmatianDots1.jpg, DalmatianDots2.jpg, DalmatianDots3.jpg, DalmatianDots4.jpg",iPhone 14 Pro Max,DAL-IPH-14P-MAX,10
Harvest Fields,"Case Design: Beige background with maroon and brown florals Finger Strap Color: Neutral brown Case Features: Comfortable finger loop that can be used with either hand, Wallet pouch that is designed to fit 2 cards (as it breaks in, more cards can be added), Adjustable kickstand to prop up your phone, Vegan leather material, Shock-absorbing inner pad",19.99,"HarvestFields1.jpg, HarvestFields2.jpg, HarvestFields3.jpg",iPhone 11 Pro,FIE-IPH-11P,10
Harvest Fields,"Case Design: Beige background with maroon and brown florals Finger Strap Color: Neutral brown Case Features: Comfortable finger loop that can be used with either hand, Wallet pouch that is designed to fit 2 cards (as it breaks in, more cards can be added), Adjustable kickstand to prop up your phone, Vegan leather material, Shock-absorbing inner pad",19.99,"HarvestFields1.jpg, HarvestFields2.jpg, HarvestFields3.jpg",iPhone 12 ,FIE-IPH-12,8
Harvest Fields,"Case Design: Beige background with maroon and brown florals Finger Strap Color: Neutral brown Case Features: Comfortable finger loop that can be used with either hand, Wallet pouch that is designed to fit 2 cards (as it breaks in, more cards can be added), Adjustable kickstand to prop up your phone, Vegan leather material, Shock-absorbing inner pad",19.99,"HarvestFields1.jpg, HarvestFields2.jpg, HarvestFields3.jpg",iPhone 12 Pro Max,FIE-IPH-12P-MAX,8
Harvest Fields,"Case Design: Beige background with maroon and brown florals Finger Strap Color: Neutral brown Case Features: Comfortable finger loop that can be used with either hand, Wallet pouch that is designed to fit 2 cards (as it breaks in, more cards can be added), Adjustable kickstand to prop up your phone, Vegan leather material, Shock-absorbing inner pad",19.99,"HarvestFields1.jpg, HarvestFields2.jpg, HarvestFields3.jpg",iPhone 13,FIE-IPH-13,8
Harvest Fields,"Case Design: Beige background with maroon and brown florals Finger Strap Color: Neutral brown Case Features: Comfortable finger loop that can be used with either hand, Wallet pouch that is designed to fit 2 cards (as it breaks in, more cards can be added), Adjustable kickstand to prop up your phone, Vegan leather material, Shock-absorbing inner pad",19.99,"HarvestFields1.jpg, HarvestFields2.jpg, HarvestFields3.jpg",iPhone 13 Pro,FIE-IPH-13P,8
Harvest Fields,"Case Design: Beige background with maroon and brown florals Finger Strap Color: Neutral brown Case Features: Comfortable finger loop that can be used with either hand, Wallet pouch that is designed to fit 2 cards (as it breaks in, more cards can be added), Adjustable kickstand to prop up your phone, Vegan leather material, Shock-absorbing inner pad",19.99,"HarvestFields1.jpg, HarvestFields2.jpg, HarvestFields3.jpg",iPhone 13 Pro Max,FIE-IPH-13P-MAX,6
Harvest Fields,"Case Design: Beige background with maroon and brown florals Finger Strap Color: Neutral brown Case Features: Comfortable finger loop that can be used with either hand, Wallet pouch that is designed to fit 2 cards (as it breaks in, more cards can be added), Adjustable kickstand to prop up your phone, Vegan leather material, Shock-absorbing inner pad",19.99,"HarvestFields1.jpg, HarvestFields2.jpg, HarvestFields3.jpg",iPhone 14,FIE-IPH-14,10
Harvest Fields,"Case Design: Beige background with maroon and brown florals Finger Strap Color: Neutral brown Case Features: Comfortable finger loop that can be used with either hand, Wallet pouch that is designed to fit 2 cards (as it breaks in, more cards can be added), Adjustable kickstand to prop up your phone, Vegan leather material, Shock-absorbing inner pad",19.99,"HarvestFields1.jpg, HarvestFields2.jpg, HarvestFields3.jpg",iPhone 14 Pro,FIE-IPH-14P,8
Harvest Fields,"Case Design: Beige background with maroon and brown florals Finger Strap Color: Neutral brown Case Features: Comfortable finger loop that can be used with either hand, Wallet pouch that is designed to fit 2 cards (as it breaks in, more cards can be added), Adjustable kickstand to prop up your phone, Vegan leather material, Shock-absorbing inner pad",19.99,"HarvestFields1.jpg, HarvestFields2.jpg, HarvestFields3.jpg",iPhone 14 Pro Max,FIE-IPH-14P-MAX,10
Firewood,"Case Design: Black and Cream Geometric Pattern Case Features: Comfortable finger loop that can be used with either hand, Wallet pouch that is designed to fit 2 cards (as it breaks in, more cards can be added), Adjustable kickstand to prop up your phone, Vegan leather material, Shock-absorbing inner pad",19.99,"Firewood1.jpg, Firewood2.jpg",iPhone 11,FIR-IPH-11,10
Firewood,"Case Design: Black and Cream Geometric Pattern Case Features: Comfortable finger loop that can be used with either hand, Wallet pouch that is designed to fit 2 cards (as it breaks in, more cards can be added), Adjustable kickstand to prop up your phone, Vegan leather material, Shock-absorbing inner pad",19.99,"Firewood1.jpg, Firewood2.jpg",iPhone 11 Pro,FIR-IPH-11P,9
Firewood,"Case Design: Black and Cream Geometric Pattern Case Features: Comfortable finger loop that can be used with either hand, Wallet pouch that is designed to fit 2 cards (as it breaks in, more cards can be added), Adjustable kickstand to prop up your phone, Vegan leather material, Shock-absorbing inner pad",19.99,"Firewood1.jpg, Firewood2.jpg",iPhone 11 Pro Max,FIR-IPH-11P-MAX,10
Firewood,"Case Design: Black and Cream Geometric Pattern Case Features: Comfortable finger loop that can be used with either hand, Wallet pouch that is designed to fit 2 cards (as it breaks in, more cards can be added), Adjustable kickstand to prop up your phone, Vegan leather material, Shock-absorbing inner pad",19.99,"Firewood1.jpg, Firewood2.jpg",iPhone 12 ,FIR-IPH-12,9
Firewood,"Case Design: Black and Cream Geometric Pattern Case Features: Comfortable finger loop that can be used with either hand, Wallet pouch that is designed to fit 2 cards (as it breaks in, more cards can be added), Adjustable kickstand to prop up your phone, Vegan leather material, Shock-absorbing inner pad",19.99,"Firewood1.jpg, Firewood2.jpg",iPhone 12 Pro Max,FIR-IPH-12P-MAX,8
Firewood,"Case Design: Black and Cream Geometric Pattern Case Features: Comfortable finger loop that can be used with either hand, Wallet pouch that is designed to fit 2 cards (as it breaks in, more cards can be added), Adjustable kickstand to prop up your phone, Vegan leather material, Shock-absorbing inner pad",19.99,"Firewood1.jpg, Firewood2.jpg",iPhone 13 Pro,FIR-IPH-13P,9
Firewood,"Case Design: Black and Cream Geometric Pattern Case Features: Comfortable finger loop that can be used with either hand, Wallet pouch that is designed to fit 2 cards (as it breaks in, more cards can be added), Adjustable kickstand to prop up your phone, Vegan leather material, Shock-absorbing inner pad",19.99,"Firewood1.jpg, Firewood2.jpg",iPhone 13 Pro Max,FIR-IPH-13P-MAX,9
Firewood,"Case Design: Black and Cream Geometric Pattern Case Features: Comfortable finger loop that can be used with either hand, Wallet pouch that is designed to fit 2 cards (as it breaks in, more cards can be added), Adjustable kickstand to prop up your phone, Vegan leather material, Shock-absorbing inner pad",19.99,"Firewood1.jpg, Firewood2.jpg",iPhone 14 Pro,FIR-IPH-14P,9
Firewood,"Case Design: Black and Cream Geometric Pattern Case Features: Comfortable finger loop that can be used with either hand, Wallet pouch that is designed to fit 2 cards (as it breaks in, more cards can be added), Adjustable kickstand to prop up your phone, Vegan leather material, Shock-absorbing inner pad",19.99,"Firewood1.jpg, Firewood2.jpg",iPhone 14 Pro Max,FIR-IPH-14P-MAX,10
Harmony,"Case Design: Solid cream background and pink smiley face with a wavy pink and red-orange plaid wallet Finger Strap Color: Solid light pink Case Features: Comfortable finger loop that can be used with either hand, Wallet pouch that is designed to fit 2 cards (as it breaks in, more cards can be added), Adjustable kickstand to prop up your phone, Vegan leather material, Shock-absorbing inner pad",19.99,"Harmony1.jpg, Harmony2.jpg",iPhone 11 Pro Max,HAR-IPH-11P-MAX,28
Harmony,"Case Design: Solid cream background and pink smiley face with a wavy pink and red-orange plaid wallet Finger Strap Color: Solid light pink Case Features: Comfortable finger loop that can be used with either hand, Wallet pouch that is designed to fit 2 cards (as it breaks in, more cards can be added), Adjustable kickstand to prop up your phone, Vegan leather material, Shock-absorbing inner pad",19.99,"Harmony1.jpg, Harmony2.jpg",iPhone 12 ,HAR-IPH-12,9
Harmony,"Case Design: Solid cream background and pink smiley face with a wavy pink and red-orange plaid wallet Finger Strap Color: Solid light pink Case Features: Comfortable finger loop that can be used with either hand, Wallet pouch that is designed to fit 2 cards (as it breaks in, more cards can be added), Adjustable kickstand to prop up your phone, Vegan leather material, Shock-absorbing inner pad",19.99,"Harmony1.jpg, Harmony2.jpg",iPhone 12 Pro Max,HAR-IPH-12P-MAX,9
Harmony,"Case Design: Solid cream background and pink smiley face with a wavy pink and red-orange plaid wallet Finger Strap Color: Solid light pink Case Features: Comfortable finger loop that can be used with either hand, Wallet pouch that is designed to fit 2 cards (as it breaks in, more cards can be added), Adjustable kickstand to prop up your phone, Vegan leather material, Shock-absorbing inner pad",19.99,"Harmony1.jpg, Harmony2.jpg",iPhone 13,HAR-IPH-13,10
Harmony,"Case Design: Solid cream background and pink smiley face with a wavy pink and red-orange plaid wallet Finger Strap Color: Solid light pink Case Features: Comfortable finger loop that can be used with either hand, Wallet pouch that is designed to fit 2 cards (as it breaks in, more cards can be added), Adjustable kickstand to prop up your phone, Vegan leather material, Shock-absorbing inner pad",19.99,"Harmony1.jpg, Harmony2.jpg",iPhone 13 Pro,HAR-IPH-13P,9
Harmony,"Case Design: Solid cream background and pink smiley face with a wavy pink and red-orange plaid wallet Finger Strap Color: Solid light pink Case Features: Comfortable finger loop that can be used with either hand, Wallet pouch that is designed to fit 2 cards (as it breaks in, more cards can be added), Adjustable kickstand to prop up your phone, Vegan leather material, Shock-absorbing inner pad",19.99,"Harmony1.jpg, Harmony2.jpg",iPhone 13 Pro Max,HAR-IPH-13P-MAX,10
Harmony,"Case Design: Solid cream background and pink smiley face with a wavy pink and red-orange plaid wallet Finger Strap Color: Solid light pink Case Features: Comfortable finger loop that can be used with either hand, Wallet pouch that is designed to fit 2 cards (as it breaks in, more cards can be added), Adjustable kickstand to prop up your phone, Vegan leather material, Shock-absorbing inner pad",19.99,"Harmony1.jpg, Harmony2.jpg",iPhone 14,HAR-IPH-14,10
Harmony,"Case Design: Solid cream background and pink smiley face with a wavy pink and red-orange plaid wallet Finger Strap Color: Solid light pink Case Features: Comfortable finger loop that can be used with either hand, Wallet pouch that is designed to fit 2 cards (as it breaks in, more cards can be added), Adjustable kickstand to prop up your phone, Vegan leather material, Shock-absorbing inner pad",19.99,"Harmony1.jpg, Harmony2.jpg",iPhone 14 Pro,HAR-IPH-14P,8
Harmony,"Case Design: Solid cream background and pink smiley face with a wavy pink and red-orange plaid wallet Finger Strap Color: Solid light pink Case Features: Comfortable finger loop that can be used with either hand, Wallet pouch that is designed to fit 2 cards (as it breaks in, more cards can be added), Adjustable kickstand to prop up your phone, Vegan leather material, Shock-absorbing inner pad",19.99,"Harmony1.jpg, Harmony2.jpg",iPhone 14 Pro Max,HAR-IPH-14P-MAX,8
Houndstooth,"Case Design: Black and white houndstooth pattern Finger Strap Color: Solid soft pink Case Features: Comfortable finger loop that can be used with either hand, Wallet pouch that is designed to fit 2 cards (as it breaks in, more cards can be added), Adjustable kickstand to prop up your phone, Vegan leather material, Shock-absorbing inner pad",19.99,"Houndstooth1.jpg, Houndstooth2.jpg, Houndstooth3.jpg, Houndstooth4.jpg",iPhone 12,HOU-IPH-12,10
Houndstooth,"Case Design: Black and white houndstooth pattern Finger Strap Color: Solid soft pink Case Features: Comfortable finger loop that can be used with either hand, Wallet pouch that is designed to fit 2 cards (as it breaks in, more cards can be added), Adjustable kickstand to prop up your phone, Vegan leather material, Shock-absorbing inner pad",19.99,"Houndstooth1.jpg, Houndstooth2.jpg, Houndstooth3.jpg, Houndstooth4.jpg",iPhone 12 Pro Max,HOU-IPH-12P-MAX,9
Houndstooth,"Case Design: Black and white houndstooth pattern Finger Strap Color: Solid soft pink Case Features: Comfortable finger loop that can be used with either hand, Wallet pouch that is designed to fit 2 cards (as it breaks in, more cards can be added), Adjustable kickstand to prop up your phone, Vegan leather material, Shock-absorbing inner pad",19.99,"Houndstooth1.jpg, Houndstooth2.jpg, Houndstooth3.jpg, Houndstooth4.jpg",iPhone 13 Pro,HOU-IPH-13P,9
Houndstooth,"Case Design: Black and white houndstooth pattern Finger Strap Color: Solid soft pink Case Features: Comfortable finger loop that can be used with either hand, Wallet pouch that is designed to fit 2 cards (as it breaks in, more cards can be added), Adjustable kickstand to prop up your phone, Vegan leather material, Shock-absorbing inner pad",19.99,"Houndstooth1.jpg, Houndstooth2.jpg, Houndstooth3.jpg, Houndstooth4.jpg",iPhone14 Pro,HOU-IPH-14P,10
Jolly Ol Time,"Case Design: Pastel pink background with pink, red, and white stars Finger Strap Color: Solid red Case Features: Comfortable finger loop that can be used with either hand, Wallet pouch that is designed to fit 2 cards (as it breaks in, more cards can be added), Adjustable kickstand to prop up your phone, Vegan leather material, Shock-absorbing inner pad",19.99,"JollyOlTime1.jpg, JollyOlTime2.jpg, JollyOlTime3.jpg, JollyOlTime4.jpg",iPhone 12 ,JOL-IPH-12,10
Jolly Ol Time,"Case Design: Pastel pink background with pink, red, and white stars Finger Strap Color: Solid red Case Features: Comfortable finger loop that can be used with either hand, Wallet pouch that is designed to fit 2 cards (as it breaks in, more cards can be added), Adjustable kickstand to prop up your phone, Vegan leather material, Shock-absorbing inner pad",19.99,"JollyOlTime1.jpg, JollyOlTime2.jpg, JollyOlTime3.jpg, JollyOlTime4.jpg",iPhone 12 Pro Max,JOL-IPH-12P-MAX,10
Jolly Ol Time,"Case Design: Pastel pink background with pink, red, and white stars Finger Strap Color: Solid red Case Features: Comfortable finger loop that can be used with either hand, Wallet pouch that is designed to fit 2 cards (as it breaks in, more cards can be added), Adjustable kickstand to prop up your phone, Vegan leather material, Shock-absorbing inner pad",19.99,"JollyOlTime1.jpg, JollyOlTime2.jpg, JollyOlTime3.jpg, JollyOlTime4.jpg",iPhone 13,JOL-IPH-13,10
Jolly Ol Time,"Case Design: Pastel pink background with pink, red, and white stars Finger Strap Color: Solid red Case Features: Comfortable finger loop that can be used with either hand, Wallet pouch that is designed to fit 2 cards (as it breaks in, more cards can be added), Adjustable kickstand to prop up your phone, Vegan leather material, Shock-absorbing inner pad",19.99,"JollyOlTime1.jpg, JollyOlTime2.jpg, JollyOlTime3.jpg, JollyOlTime4.jpg",iPhone 13 Pro,JOL-IPH-13P,10
Jolly Ol Time,"Case Design: Pastel pink background with pink, red, and white stars Finger Strap Color: Solid red Case Features: Comfortable finger loop that can be used with either hand, Wallet pouch that is designed to fit 2 cards (as it breaks in, more cards can be added), Adjustable kickstand to prop up your phone, Vegan leather material, Shock-absorbing inner pad",19.99,"JollyOlTime1.jpg, JollyOlTime2.jpg, JollyOlTime3.jpg, JollyOlTime4.jpg",iPhone 13 Pro Max,JOL-IPH-13P-MAX,10
Jolly Ol Time,"Case Design: Pastel pink background with pink, red, and white stars Finger Strap Color: Solid red Case Features: Comfortable finger loop that can be used with either hand, Wallet pouch that is designed to fit 2 cards (as it breaks in, more cards can be added), Adjustable kickstand to prop up your phone, Vegan leather material, Shock-absorbing inner pad",19.99,"JollyOlTime1.jpg, JollyOlTime2.jpg, JollyOlTime3.jpg, JollyOlTime4.jpg",iPhone 14,JOL-IPH-14,10
Jolly Ol Time,"Case Design: Pastel pink background with pink, red, and white stars Finger Strap Color: Solid red Case Features: Comfortable finger loop that can be used with either hand, Wallet pouch that is designed to fit 2 cards (as it breaks in, more cards can be added), Adjustable kickstand to prop up your phone, Vegan leather material, Shock-absorbing inner pad",19.99,"JollyOlTime1.jpg, JollyOlTime2.jpg, JollyOlTime3.jpg, JollyOlTime4.jpg",iPhone 14 Pro,JOL-IPH-14P,9
Jolly Ol Time,"Case Design: Pastel pink background with pink, red, and white stars Finger Strap Color: Solid red Case Features: Comfortable finger loop that can be used with either hand, Wallet pouch that is designed to fit 2 cards (as it breaks in, more cards can be added), Adjustable kickstand to prop up your phone, Vegan leather material, Shock-absorbing inner pad",19.99,"JollyOlTime1.jpg, JollyOlTime2.jpg, JollyOlTime3.jpg, JollyOlTime4.jpg",iPhone 14 Pro Max,JOL-IPH-14P-MAX,10
Brown Marble,"Case Design: Marbled brown and solid off-white diamond pattern Finger Strap Color: Marbled brown and solid off-white diamond patternCase Features: Comfortable finger loop that can be used with either hand, Wallet pouch that is designed to fit 2 cards (as it breaks in, more cards can be added), Adjustable kickstand to prop up your phone, Vegan leather material, Shock-absorbing inner pad",19.99,"BrownMarble1.jpg, BrownMarble2.jpg",iPhone 12 ,MAR-IPH-12,10
Brown Marble,"Case Design: Marbled brown and solid off-white diamond pattern Finger Strap Color: Marbled brown and solid off-white diamond patternCase Features: Comfortable finger loop that can be used with either hand, Wallet pouch that is designed to fit 2 cards (as it breaks in, more cards can be added), Adjustable kickstand to prop up your phone, Vegan leather material, Shock-absorbing inner pad",19.99,"BrownMarble1.jpg, BrownMarble2.jpg",iPhone 12 Pro Max,MAR-IPH-12P-MAX,9
Brown Marble,"Case Design: Marbled brown and solid off-white diamond pattern Finger Strap Color: Marbled brown and solid off-white diamond patternCase Features: Comfortable finger loop that can be used with either hand, Wallet pouch that is designed to fit 2 cards (as it breaks in, more cards can be added), Adjustable kickstand to prop up your phone, Vegan leather material, Shock-absorbing inner pad",19.99,"BrownMarble1.jpg, BrownMarble2.jpg",iPhone 13,MAR-IPH-13,10
Brown Marble,"Case Design: Marbled brown and solid off-white diamond pattern Finger Strap Color: Marbled brown and solid off-white diamond patternCase Features: Comfortable finger loop that can be used with either hand, Wallet pouch that is designed to fit 2 cards (as it breaks in, more cards can be added), Adjustable kickstand to prop up your phone, Vegan leather material, Shock-absorbing inner pad",19.99,"BrownMarble1.jpg, BrownMarble2.jpg",iPhone 13 Pro,MAR-IPH-13P,9
Brown Marble,"Case Design: Marbled brown and solid off-white diamond pattern Finger Strap Color: Marbled brown and solid off-white diamond patternCase Features: Comfortable finger loop that can be used with either hand, Wallet pouch that is designed to fit 2 cards (as it breaks in, more cards can be added), Adjustable kickstand to prop up your phone, Vegan leather material, Shock-absorbing inner pad",19.99,"BrownMarble1.jpg, BrownMarble2.jpg",iPhone 13 Pro Max,MAR-IPH-13P-MAX,9
Brown Marble,"Case Design: Marbled brown and solid off-white diamond pattern Finger Strap Color: Marbled brown and solid off-white diamond patternCase Features: Comfortable finger loop that can be used with either hand, Wallet pouch that is designed to fit 2 cards (as it breaks in, more cards can be added), Adjustable kickstand to prop up your phone, Vegan leather material, Shock-absorbing inner pad",19.99,"BrownMarble1.jpg, BrownMarble2.jpg",iPhone 14,MAR-IPH-14,10
Brown Marble,"Case Design: Marbled brown and solid off-white diamond pattern Finger Strap Color: Marbled brown and solid off-white diamond patternCase Features: Comfortable finger loop that can be used with either hand, Wallet pouch that is designed to fit 2 cards (as it breaks in, more cards can be added), Adjustable kickstand to prop up your phone, Vegan leather material, Shock-absorbing inner pad",19.99,"BrownMarble1.jpg, BrownMarble2.jpg",iPhone 14 Pro,MAR-IPH-14P,10
Brown Marble,"Case Design: Marbled brown and solid off-white diamond pattern Finger Strap Color: Marbled brown and solid off-white diamond patternCase Features: Comfortable finger loop that can be used with either hand, Wallet pouch that is designed to fit 2 cards (as it breaks in, more cards can be added), Adjustable kickstand to prop up your phone, Vegan leather material, Shock-absorbing inner pad",19.99,"BrownMarble1.jpg, BrownMarble2.jpg",iPhone 14 Pro Max,MAR-IPH-14P-MAX,10
Midnight Floral,"Case Features: Comfortable finger loop that can be used with either hand, Wallet pouch that is designed to fit 2 cards (as it breaks in, more cards can be added), Adjustable kickstand to prop up your phone, Vegan leather material, Shock-absorbing inner pad",19.99,"Midnightfloral1.jpg, Midnightfloral2.jpg",iPhone 11 Pro,MID-IPH-11P,10
Midnight Floral,"Case Features: Comfortable finger loop that can be used with either hand, Wallet pouch that is designed to fit 2 cards (as it breaks in, more cards can be added), Adjustable kickstand to prop up your phone, Vegan leather material, Shock-absorbing inner pad",19.99,"Midnightfloral1.jpg, Midnightfloral2.jpg",iPhone 11 Pro Max,MID-IPH-11P-MAX,8
Midnight Floral,"Case Features: Comfortable finger loop that can be used with either hand, Wallet pouch that is designed to fit 2 cards (as it breaks in, more cards can be added), Adjustable kickstand to prop up your phone, Vegan leather material, Shock-absorbing inner pad",19.99,"Midnightfloral1.jpg, Midnightfloral2.jpg",iPhone 12 ,MID-IPH-12,18
Midnight Floral,"Case Features: Comfortable finger loop that can be used with either hand, Wallet pouch that is designed to fit 2 cards (as it breaks in, more cards can be added), Adjustable kickstand to prop up your phone, Vegan leather material, Shock-absorbing inner pad",19.99,"Midnightfloral1.jpg, Midnightfloral2.jpg",iPhone 12 Pro Max,MID-IPH-12P-MAX,18
Midnight Floral,"Case Features: Comfortable finger loop that can be used with either hand, Wallet pouch that is designed to fit 2 cards (as it breaks in, more cards can be added), Adjustable kickstand to prop up your phone, Vegan leather material, Shock-absorbing inner pad",19.99,"Midnightfloral1.jpg, Midnightfloral2.jpg",iPhone 13,MID-IPH-13,25
Midnight Floral,"Case Features: Comfortable finger loop that can be used with either hand, Wallet pouch that is designed to fit 2 cards (as it breaks in, more cards can be added), Adjustable kickstand to prop up your phone, Vegan leather material, Shock-absorbing inner pad",19.99,"Midnightfloral1.jpg, Midnightfloral2.jpg",iPhone 13 Pro,MID-IPH-13P,32
Midnight Floral,"Case Features: Comfortable finger loop that can be used with either hand, Wallet pouch that is designed to fit 2 cards (as it breaks in, more cards can be added), Adjustable kickstand to prop up your phone, Vegan leather material, Shock-absorbing inner pad",19.99,"Midnightfloral1.jpg, Midnightfloral2.jpg",iPhone 13 Pro Max,MID-IPH-13P-MAX,32
Midnight Floral,"Case Features: Comfortable finger loop that can be used with either hand, Wallet pouch that is designed to fit 2 cards (as it breaks in, more cards can be added), Adjustable kickstand to prop up your phone, Vegan leather material, Shock-absorbing inner pad",19.99,"Midnightfloral1.jpg, Midnightfloral2.jpg",iPhone 14,MID-IPH-14,17
Midnight Floral,"Case Features: Comfortable finger loop that can be used with either hand, Wallet pouch that is designed to fit 2 cards (as it breaks in, more cards can be added), Adjustable kickstand to prop up your phone, Vegan leather material, Shock-absorbing inner pad",19.99,"Midnightfloral1.jpg, Midnightfloral2.jpg",iPhone 14 Pro,MID-IPH-14P,20
Midnight Floral,"Case Features: Comfortable finger loop that can be used with either hand, Wallet pouch that is designed to fit 2 cards (as it breaks in, more cards can be added), Adjustable kickstand to prop up your phone, Vegan leather material, Shock-absorbing inner pad",19.99,"Midnightfloral1.jpg, Midnightfloral2.jpg",iPhone 14 Pro Max,MID-IPH-14P-MAX,13
Picnic Plaid,"Case Design: Golden and white plaid Finger Strap Color: Solid gold Case Features: Comfortable finger loop that can be used with either hand, Wallet pouch that is designed to fit 2 cards (as it breaks in, more cards can be added), Adjustable kickstand to prop up your phone, Vegan leather material, Shock-absorbing inner pad",19.99,"PicnicPlaid1.jpg, PicnicPlaid2.jpg, PicnicPlaid3.jpg, PicnicPlaid4.jpg",iPhone 12 Pro Max,PIC-IPH-12P-MAX,10
Picnic Plaid,"Case Design: Golden and white plaid Finger Strap Color: Solid gold Case Features: Comfortable finger loop that can be used with either hand, Wallet pouch that is designed to fit 2 cards (as it breaks in, more cards can be added), Adjustable kickstand to prop up your phone, Vegan leather material, Shock-absorbing inner pad",19.99,"PicnicPlaid1.jpg, PicnicPlaid2.jpg, PicnicPlaid3.jpg, PicnicPlaid4.jpg",iPhone 13 ,PIC-IPH-13,10
Picnic Plaid,"Case Design: Golden and white plaid Finger Strap Color: Solid gold Case Features: Comfortable finger loop that can be used with either hand, Wallet pouch that is designed to fit 2 cards (as it breaks in, more cards can be added), Adjustable kickstand to prop up your phone, Vegan leather material, Shock-absorbing inner pad",19.99,"PicnicPlaid1.jpg, PicnicPlaid2.jpg, PicnicPlaid3.jpg, PicnicPlaid4.jpg",iPhone 13 Pro,PIC-IPH-13P,10
Picnic Plaid,"Case Design: Golden and white plaid Finger Strap Color: Solid gold Case Features: Comfortable finger loop that can be used with either hand, Wallet pouch that is designed to fit 2 cards (as it breaks in, more cards can be added), Adjustable kickstand to prop up your phone, Vegan leather material, Shock-absorbing inner pad",19.99,"PicnicPlaid1.jpg, PicnicPlaid2.jpg, PicnicPlaid3.jpg, PicnicPlaid4.jpg",iPhone 13 Pro Max,PIC-IPH-13P-MAX,10
Picnic Plaid,"Case Design: Golden and white plaid Finger Strap Color: Solid gold Case Features: Comfortable finger loop that can be used with either hand, Wallet pouch that is designed to fit 2 cards (as it breaks in, more cards can be added), Adjustable kickstand to prop up your phone, Vegan leather material, Shock-absorbing inner pad",19.99,"PicnicPlaid1.jpg, PicnicPlaid2.jpg, PicnicPlaid3.jpg, PicnicPlaid4.jpg",iPhone 14,PIC-IPH-14,10
Picnic Plaid,"Case Design: Golden and white plaid Finger Strap Color: Solid gold Case Features: Comfortable finger loop that can be used with either hand, Wallet pouch that is designed to fit 2 cards (as it breaks in, more cards can be added), Adjustable kickstand to prop up your phone, Vegan leather material, Shock-absorbing inner pad",19.99,"PicnicPlaid1.jpg, PicnicPlaid2.jpg, PicnicPlaid3.jpg, PicnicPlaid4.jpg",iPhone 14 Pro,PIC-IPH-14P,10
Picnic Plaid,"Case Design: Golden and white plaid Finger Strap Color: Solid gold Case Features: Comfortable finger loop that can be used with either hand, Wallet pouch that is designed to fit 2 cards (as it breaks in, more cards can be added), Adjustable kickstand to prop up your phone, Vegan leather material, Shock-absorbing inner pad",19.99,"PicnicPlaid1.jpg, PicnicPlaid2.jpg, PicnicPlaid3.jpg, PicnicPlaid4.jpg",iPhone 14 Pro Max,PIC-IPH-14P-MAX,10
Pink Peony,"Case Features: Comfortable finger loop that can be used with either hand, Wallet pouch that is designed to fit 2 cards (as it breaks in, more cards can be added), Adjustable kickstand to prop up your phone, Vegan leather material, Shock-absorbing inner pad",19.99,"PinkPeony1.jpg, PinkPeony2.jpg",iPhone 11,PIN-IPH-11,7
Pink Peony,"Case Features: Comfortable finger loop that can be used with either hand, Wallet pouch that is designed to fit 2 cards (as it breaks in, more cards can be added), Adjustable kickstand to prop up your phone, Vegan leather material, Shock-absorbing inner pad",19.99,"PinkPeony1.jpg, PinkPeony2.jpg",iPhone 11 Pro,PIN-IPH-11P,9
Pink Peony,"Case Features: Comfortable finger loop that can be used with either hand, Wallet pouch that is designed to fit 2 cards (as it breaks in, more cards can be added), Adjustable kickstand to prop up your phone, Vegan leather material, Shock-absorbing inner pad",19.99,"PinkPeony1.jpg, PinkPeony2.jpg",iPhone 11 Pro Max,PIN-IPH-11P-MAX,10
Pink Peony,"Case Features: Comfortable finger loop that can be used with either hand, Wallet pouch that is designed to fit 2 cards (as it breaks in, more cards can be added), Adjustable kickstand to prop up your phone, Vegan leather material, Shock-absorbing inner pad",19.99,"PinkPeony1.jpg, PinkPeony2.jpg",iPhone 12 ,PIN-IPH-12,19
Pink Peony,"Case Features: Comfortable finger loop that can be used with either hand, Wallet pouch that is designed to fit 2 cards (as it breaks in, more cards can be added), Adjustable kickstand to prop up your phone, Vegan leather material, Shock-absorbing inner pad",19.99,"PinkPeony1.jpg, PinkPeony2.jpg",iPhone 12 Pro Max,PIN-IPH-12P-MAX,17
Pink Peony,"Case Features: Comfortable finger loop that can be used with either hand, Wallet pouch that is designed to fit 2 cards (as it breaks in, more cards can be added), Adjustable kickstand to prop up your phone, Vegan leather material, Shock-absorbing inner pad",19.99,"PinkPeony1.jpg, PinkPeony2.jpg",iPhone 13,PIN-IPH-13,22
Pink Peony,"Case Features: Comfortable finger loop that can be used with either hand, Wallet pouch that is designed to fit 2 cards (as it breaks in, more cards can be added), Adjustable kickstand to prop up your phone, Vegan leather material, Shock-absorbing inner pad",19.99,"PinkPeony1.jpg, PinkPeony2.jpg",iPhone 13 Pro,PIN-IPH-13P,30
Pink Peony,"Case Features: Comfortable finger loop that can be used with either hand, Wallet pouch that is designed to fit 2 cards (as it breaks in, more cards can be added), Adjustable kickstand to prop up your phone, Vegan leather material, Shock-absorbing inner pad",19.99,"PinkPeony1.jpg, PinkPeony2.jpg",iPhone 13 Pro Max,PIN-IPH-13P-MAX,19
Pink Peony,"Case Features: Comfortable finger loop that can be used with either hand, Wallet pouch that is designed to fit 2 cards (as it breaks in, more cards can be added), Adjustable kickstand to prop up your phone, Vegan leather material, Shock-absorbing inner pad",19.99,"PinkPeony1.jpg, PinkPeony2.jpg",iPhone 14,PIN-IPH-14,14
Pink Peony,"Case Features: Comfortable finger loop that can be used with either hand, Wallet pouch that is designed to fit 2 cards (as it breaks in, more cards can be added), Adjustable kickstand to prop up your phone, Vegan leather material, Shock-absorbing inner pad",19.99,"PinkPeony1.jpg, PinkPeony2.jpg",iPhone 14 Pro,PIN-IPH-14P,14
Pink Peony,"Case Features: Comfortable finger loop that can be used with either hand, Wallet pouch that is designed to fit 2 cards (as it breaks in, more cards can be added), Adjustable kickstand to prop up your phone, Vegan leather material, Shock-absorbing inner pad",19.99,"PinkPeony1.jpg, PinkPeony2.jpg",iPhone 14 Pro Max,PIN-IPH-14P-MAX,12
Polka Dots,"CASE DESIGN: TANGERINE BACKGROUND WITH NEUTRAL POLKA DOTS. Finger Strap Color: Solid neutralCase Features: Comfortable finger loop that can be used with either hand, Wallet pouch that is designed to fit 2 cards (as it breaks in, more cards can be added), Adjustable kickstand to prop up your phone, Vegan leather material, Shock-absorbing inner pad",19.99,"PolkaDots1.jpg, PolkaDots2.jpg, PolkaDots3.jpg, PolkaDots4.jpg",iPhone 11 Pro,POL-IPH-11P,4
Polka Dots,"CASE DESIGN: TANGERINE BACKGROUND WITH NEUTRAL POLKA DOTS. Finger Strap Color: Solid neutralCase Features: Comfortable finger loop that can be used with either hand, Wallet pouch that is designed to fit 2 cards (as it breaks in, more cards can be added), Adjustable kickstand to prop up your phone, Vegan leather material, Shock-absorbing inner pad",19.99,"PolkaDots1.jpg, PolkaDots2.jpg, PolkaDots3.jpg, PolkaDots4.jpg",iPhone 11 Pro Max,POL-IPH-11P-MAX,8
Polka Dots,"CASE DESIGN: TANGERINE BACKGROUND WITH NEUTRAL POLKA DOTS. Finger Strap Color: Solid neutralCase Features: Comfortable finger loop that can be used with either hand, Wallet pouch that is designed to fit 2 cards (as it breaks in, more cards can be added), Adjustable kickstand to prop up your phone, Vegan leather material, Shock-absorbing inner pad",19.99,"PolkaDots1.jpg, PolkaDots2.jpg, PolkaDots3.jpg, PolkaDots4.jpg",iPhone 12 ,POL-IPH-12,9
Polka Dots,"CASE DESIGN: TANGERINE BACKGROUND WITH NEUTRAL POLKA DOTS. Finger Strap Color: Solid neutralCase Features: Comfortable finger loop that can be used with either hand, Wallet pouch that is designed to fit 2 cards (as it breaks in, more cards can be added), Adjustable kickstand to prop up your phone, Vegan leather material, Shock-absorbing inner pad",19.99,"PolkaDots1.jpg, PolkaDots2.jpg, PolkaDots3.jpg, PolkaDots4.jpg",iPhone 12 Pro Max,POL-IPH-12P-MAX,10
Polka Dots,"CASE DESIGN: TANGERINE BACKGROUND WITH NEUTRAL POLKA DOTS. Finger Strap Color: Solid neutralCase Features: Comfortable finger loop that can be used with either hand, Wallet pouch that is designed to fit 2 cards (as it breaks in, more cards can be added), Adjustable kickstand to prop up your phone, Vegan leather material, Shock-absorbing inner pad",19.99,"PolkaDots1.jpg, PolkaDots2.jpg, PolkaDots3.jpg, PolkaDots4.jpg",iPhone 13,POL-IPH-13,10
Polka Dots,"CASE DESIGN: TANGERINE BACKGROUND WITH NEUTRAL POLKA DOTS. Finger Strap Color: Solid neutralCase Features: Comfortable finger loop that can be used with either hand, Wallet pouch that is designed to fit 2 cards (as it breaks in, more cards can be added), Adjustable kickstand to prop up your phone, Vegan leather material, Shock-absorbing inner pad",19.99,"PolkaDots1.jpg, PolkaDots2.jpg, PolkaDots3.jpg, PolkaDots4.jpg",iPhone 13 Pro,POL-IPH-13P,10
Polka Dots,"CASE DESIGN: TANGERINE BACKGROUND WITH NEUTRAL POLKA DOTS. Finger Strap Color: Solid neutralCase Features: Comfortable finger loop that can be used with either hand, Wallet pouch that is designed to fit 2 cards (as it breaks in, more cards can be added), Adjustable kickstand to prop up your phone, Vegan leather material, Shock-absorbing inner pad",19.99,"PolkaDots1.jpg, PolkaDots2.jpg, PolkaDots3.jpg, PolkaDots4.jpg",iPhone 13 Pro Max,POL-IPH-13P-MAX,9
Polka Dots,"CASE DESIGN: TANGERINE BACKGROUND WITH NEUTRAL POLKA DOTS. Finger Strap Color: Solid neutralCase Features: Comfortable finger loop that can be used with either hand, Wallet pouch that is designed to fit 2 cards (as it breaks in, more cards can be added), Adjustable kickstand to prop up your phone, Vegan leather material, Shock-absorbing inner pad",19.99,"PolkaDots1.jpg, PolkaDots2.jpg, PolkaDots3.jpg, PolkaDots4.jpg",iPhone 14,POL-IPH-14,10
Polka Dots,"CASE DESIGN: TANGERINE BACKGROUND WITH NEUTRAL POLKA DOTS. Finger Strap Color: Solid neutralCase Features: Comfortable finger loop that can be used with either hand, Wallet pouch that is designed to fit 2 cards (as it breaks in, more cards can be added), Adjustable kickstand to prop up your phone, Vegan leather material, Shock-absorbing inner pad",19.99,"PolkaDots1.jpg, PolkaDots2.jpg, PolkaDots3.jpg, PolkaDots4.jpg",iPhone 14 Pro,POL-IPH-14P,8
Polka Dots,"CASE DESIGN: TANGERINE BACKGROUND WITH NEUTRAL POLKA DOTS. Finger Strap Color: Solid neutralCase Features: Comfortable finger loop that can be used with either hand, Wallet pouch that is designed to fit 2 cards (as it breaks in, more cards can be added), Adjustable kickstand to prop up your phone, Vegan leather material, Shock-absorbing inner pad",19.99,"PolkaDots1.jpg, PolkaDots2.jpg, PolkaDots3.jpg, PolkaDots4.jpg",iPhone 14 Pro Max,POL-IPH-14P-MAX,0
Shades of Plum,"Case Design: Purple Ombre waves Finger Strap Color: Solid mauve Case Features: Comfortable finger loop that can be used with either hand, Wallet pouch that is designed to fit 2 cards (as it breaks in, more cards can be added), Adjustable kickstand to prop up your phone, Vegan leather material, Shock-absorbing inner pad",19.99,"ShadesofPlum1.jpg, ShadesofPlum2.jpg, ShadesofPlum3.jpg, ShadesofPlum4.jpg",iPhone 11,SHA-IPH-11,9
Shades of Plum,"Case Design: Purple Ombre waves Finger Strap Color: Solid mauve Case Features: Comfortable finger loop that can be used with either hand, Wallet pouch that is designed to fit 2 cards (as it breaks in, more cards can be added), Adjustable kickstand to prop up your phone, Vegan leather material, Shock-absorbing inner pad",19.99,"ShadesofPlum1.jpg, ShadesofPlum2.jpg, ShadesofPlum3.jpg, ShadesofPlum4.jpg",iPhone 11 Pro,SHA-IPH-11P,10
Shades of Plum,"Case Design: Purple Ombre waves Finger Strap Color: Solid mauve Case Features: Comfortable finger loop that can be used with either hand, Wallet pouch that is designed to fit 2 cards (as it breaks in, more cards can be added), Adjustable kickstand to prop up your phone, Vegan leather material, Shock-absorbing inner pad",19.99,"ShadesofPlum1.jpg, ShadesofPlum2.jpg, ShadesofPlum3.jpg, ShadesofPlum4.jpg",iPhone 11 Pro Max,SHA-IPH-11P-MAX,9
Shades of Plum,"Case Design: Purple Ombre waves Finger Strap Color: Solid mauve Case Features: Comfortable finger loop that can be used with either hand, Wallet pouch that is designed to fit 2 cards (as it breaks in, more cards can be added), Adjustable kickstand to prop up your phone, Vegan leather material, Shock-absorbing inner pad",19.99,"ShadesofPlum1.jpg, ShadesofPlum2.jpg, ShadesofPlum3.jpg, ShadesofPlum4.jpg",iPhone 12 ,SHA-IPH-12,8
Shades of Plum,"Case Design: Purple Ombre waves Finger Strap Color: Solid mauve Case Features: Comfortable finger loop that can be used with either hand, Wallet pouch that is designed to fit 2 cards (as it breaks in, more cards can be added), Adjustable kickstand to prop up your phone, Vegan leather material, Shock-absorbing inner pad",19.99,"ShadesofPlum1.jpg, ShadesofPlum2.jpg, ShadesofPlum3.jpg, ShadesofPlum4.jpg",iPhone 12 Pro Max,SHA-IPH-12P-MAX,10
Shades of Plum,"Case Design: Purple Ombre waves Finger Strap Color: Solid mauve Case Features: Comfortable finger loop that can be used with either hand, Wallet pouch that is designed to fit 2 cards (as it breaks in, more cards can be added), Adjustable kickstand to prop up your phone, Vegan leather material, Shock-absorbing inner pad",19.99,"ShadesofPlum1.jpg, ShadesofPlum2.jpg, ShadesofPlum3.jpg, ShadesofPlum4.jpg",iPhone 13,SHA-IPH-13,20
Shades of Plum,"Case Design: Purple Ombre waves Finger Strap Color: Solid mauve Case Features: Comfortable finger loop that can be used with either hand, Wallet pouch that is designed to fit 2 cards (as it breaks in, more cards can be added), Adjustable kickstand to prop up your phone, Vegan leather material, Shock-absorbing inner pad",19.99,"ShadesofPlum1.jpg, ShadesofPlum2.jpg, ShadesofPlum3.jpg, ShadesofPlum4.jpg",iPhone 13 Pro,SHA-IPH-13P,26
Shades of Plum,"Case Design: Purple Ombre waves Finger Strap Color: Solid mauve Case Features: Comfortable finger loop that can be used with either hand, Wallet pouch that is designed to fit 2 cards (as it breaks in, more cards can be added), Adjustable kickstand to prop up your phone, Vegan leather material, Shock-absorbing inner pad",19.99,"ShadesofPlum1.jpg, ShadesofPlum2.jpg, ShadesofPlum3.jpg, ShadesofPlum4.jpg",iPhone 13 Pro Max,SHA-IPH-13P-MAX,19
Shades of Plum,"Case Design: Purple Ombre waves Finger Strap Color: Solid mauve Case Features: Comfortable finger loop that can be used with either hand, Wallet pouch that is designed to fit 2 cards (as it breaks in, more cards can be added), Adjustable kickstand to prop up your phone, Vegan leather material, Shock-absorbing inner pad",19.99,"ShadesofPlum1.jpg, ShadesofPlum2.jpg, ShadesofPlum3.jpg, ShadesofPlum4.jpg",iPhone 14,SHA-IPH-14,10
Shades of Plum,"Case Design: Purple Ombre waves Finger Strap Color: Solid mauve Case Features: Comfortable finger loop that can be used with either hand, Wallet pouch that is designed to fit 2 cards (as it breaks in, more cards can be added), Adjustable kickstand to prop up your phone, Vegan leather material, Shock-absorbing inner pad",19.99,"ShadesofPlum1.jpg, ShadesofPlum2.jpg, ShadesofPlum3.jpg, ShadesofPlum4.jpg",iPhone 14 Pro,SHA-IPH-14P,10
Shades of Plum,"Case Design: Purple Ombre waves Finger Strap Color: Solid mauve Case Features: Comfortable finger loop that can be used with either hand, Wallet pouch that is designed to fit 2 cards (as it breaks in, more cards can be added), Adjustable kickstand to prop up your phone, Vegan leather material, Shock-absorbing inner pad",19.99,"ShadesofPlum1.jpg, ShadesofPlum2.jpg, ShadesofPlum3.jpg, ShadesofPlum4.jpg",iPhone 14 Pro Max,SHA-IPH-14P-MAX,10
Sunkissed,"Case Design: Ombre waves in neutral, pink, sage, and orange Finger Strap Color: Solid pink Case Features: Comfortable finger loop that can be used with either hand, Wallet pouch that is designed to fit 2 cards (as it breaks in, more cards can be added), Adjustable kickstand to prop up your phone, Vegan leather material, Shock-absorbing inner pad",19.99,"Sunkissed1.jpg, Sunkissed2.jpg, Sunkissed3.jpg, Sunkissed4.jpg",iPhone 11 ,SUN-IPH-11,10
Sunkissed,"Case Design: Ombre waves in neutral, pink, sage, and orange Finger Strap Color: Solid pink Case Features: Comfortable finger loop that can be used with either hand, Wallet pouch that is designed to fit 2 cards (as it breaks in, more cards can be added), Adjustable kickstand to prop up your phone, Vegan leather material, Shock-absorbing inner pad",19.99,"Sunkissed1.jpg, Sunkissed2.jpg, Sunkissed3.jpg, Sunkissed4.jpg",iPhone 11 Pro,SUN-IPH-11P,10
Sunkissed,"Case Design: Ombre waves in neutral, pink, sage, and orange Finger Strap Color: Solid pink Case Features: Comfortable finger loop that can be used with either hand, Wallet pouch that is designed to fit 2 cards (as it breaks in, more cards can be added), Adjustable kickstand to prop up your phone, Vegan leather material, Shock-absorbing inner pad",19.99,"Sunkissed1.jpg, Sunkissed2.jpg, Sunkissed3.jpg, Sunkissed4.jpg",iPhone 11 Pro Max,SUN-IPH-11P-MAX,10
Sunkissed,"Case Design: Ombre waves in neutral, pink, sage, and orange Finger Strap Color: Solid pink Case Features: Comfortable finger loop that can be used with either hand, Wallet pouch that is designed to fit 2 cards (as it breaks in, more cards can be added), Adjustable kickstand to prop up your phone, Vegan leather material, Shock-absorbing inner pad",19.99,"Sunkissed1.jpg, Sunkissed2.jpg, Sunkissed3.jpg, Sunkissed4.jpg",iPhone 12 ,SUN-IPH-12,19
Sunkissed,"Case Design: Ombre waves in neutral, pink, sage, and orange Finger Strap Color: Solid pink Case Features: Comfortable finger loop that can be used with either hand, Wallet pouch that is designed to fit 2 cards (as it breaks in, more cards can be added), Adjustable kickstand to prop up your phone, Vegan leather material, Shock-absorbing inner pad",19.99,"Sunkissed1.jpg, Sunkissed2.jpg, Sunkissed3.jpg, Sunkissed4.jpg",iPhone 13,SUN-IPH-13,16
Sunkissed,"Case Design: Ombre waves in neutral, pink, sage, and orange Finger Strap Color: Solid pink Case Features: Comfortable finger loop that can be used with either hand, Wallet pouch that is designed to fit 2 cards (as it breaks in, more cards can be added), Adjustable kickstand to prop up your phone, Vegan leather material, Shock-absorbing inner pad",19.99,"Sunkissed1.jpg, Sunkissed2.jpg, Sunkissed3.jpg, Sunkissed4.jpg",iPhone 13 Pro ,SUN-IPH-13P,19
Sunkissed,"Case Design: Ombre waves in neutral, pink, sage, and orange Finger Strap Color: Solid pink Case Features: Comfortable finger loop that can be used with either hand, Wallet pouch that is designed to fit 2 cards (as it breaks in, more cards can be added), Adjustable kickstand to prop up your phone, Vegan leather material, Shock-absorbing inner pad",19.99,"Sunkissed1.jpg, Sunkissed2.jpg, Sunkissed3.jpg, Sunkissed4.jpg",iPhone 13 Pro Max,SUN-IPH-13P-MAX,20
Sunkissed,"Case Design: Ombre waves in neutral, pink, sage, and orange Finger Strap Color: Solid pink Case Features: Comfortable finger loop that can be used with either hand, Wallet pouch that is designed to fit 2 cards (as it breaks in, more cards can be added), Adjustable kickstand to prop up your phone, Vegan leather material, Shock-absorbing inner pad",19.99,"Sunkissed1.jpg, Sunkissed2.jpg, Sunkissed3.jpg, Sunkissed4.jpg",iPhone 14,SUN-IPH-14,9
Sunkissed,"Case Design: Ombre waves in neutral, pink, sage, and orange Finger Strap Color: Solid pink Case Features: Comfortable finger loop that can be used with either hand, Wallet pouch that is designed to fit 2 cards (as it breaks in, more cards can be added), Adjustable kickstand to prop up your phone, Vegan leather material, Shock-absorbing inner pad",19.99,"Sunkissed1.jpg, Sunkissed2.jpg, Sunkissed3.jpg, Sunkissed4.jpg",iPhone 14 Pro,SUN-IPH-14P,10
Sunkissed,"Case Design: Ombre waves in neutral, pink, sage, and orange Finger Strap Color: Solid pink Case Features: Comfortable finger loop that can be used with either hand, Wallet pouch that is designed to fit 2 cards (as it breaks in, more cards can be added), Adjustable kickstand to prop up your phone, Vegan leather material, Shock-absorbing inner pad",19.99,"Sunkissed1.jpg, Sunkissed2.jpg, Sunkissed3.jpg, Sunkissed4.jpg",iPhone 14 Pro Max,SUN-IPH-14P-MAX,10
Tropical Palms,"Case Design: Muted pink background with white palm leaves Finger Strap Color: Muted pink background with white palm leaves Case Features: Comfortable finger loop that can be used with either hand, Wallet pouch that is designed to fit 2 cards (as it breaks in, more cards can be added), Adjustable kickstand to prop up your phone, Vegan leather material, Shock-absorbing inner pad",19.99,"TropicalPalms1.jpg, TropicalPalms2.jpg, TropicalPalms3.jpg, TropicalPalms4.jpg",iPhone 12 ,TRO-IPH-12,9
Tropical Palms,"Case Design: Muted pink background with white palm leaves Finger Strap Color: Muted pink background with white palm leaves Case Features: Comfortable finger loop that can be used with either hand, Wallet pouch that is designed to fit 2 cards (as it breaks in, more cards can be added), Adjustable kickstand to prop up your phone, Vegan leather material, Shock-absorbing inner pad",19.99,"TropicalPalms1.jpg, TropicalPalms2.jpg, TropicalPalms3.jpg, TropicalPalms4.jpg",iPhone 12 Pro Max,TRO-IPH-12P-MAX,10
Tropical Palms,"Case Design: Muted pink background with white palm leaves Finger Strap Color: Muted pink background with white palm leaves Case Features: Comfortable finger loop that can be used with either hand, Wallet pouch that is designed to fit 2 cards (as it breaks in, more cards can be added), Adjustable kickstand to prop up your phone, Vegan leather material, Shock-absorbing inner pad",19.99,"TropicalPalms1.jpg, TropicalPalms2.jpg, TropicalPalms3.jpg, TropicalPalms4.jpg",iPhone 13,TRO-IPH-13,10
Tropical Palms,"Case Design: Muted pink background with white palm leaves Finger Strap Color: Muted pink background with white palm leaves Case Features: Comfortable finger loop that can be used with either hand, Wallet pouch that is designed to fit 2 cards (as it breaks in, more cards can be added), Adjustable kickstand to prop up your phone, Vegan leather material, Shock-absorbing inner pad",19.99,"TropicalPalms1.jpg, TropicalPalms2.jpg, TropicalPalms3.jpg, TropicalPalms4.jpg",iPhone 13 Pro,TRO-IPH-13P,10
Tropical Palms,"Case Design: Muted pink background with white palm leaves Finger Strap Color: Muted pink background with white palm leaves Case Features: Comfortable finger loop that can be used with either hand, Wallet pouch that is designed to fit 2 cards (as it breaks in, more cards can be added), Adjustable kickstand to prop up your phone, Vegan leather material, Shock-absorbing inner pad",19.99,"TropicalPalms1.jpg, TropicalPalms2.jpg, TropicalPalms3.jpg, TropicalPalms4.jpg",iPhone 13 Pro Max,TRO-IPH-13P-MAX,9
Tropical Palms,"Case Design: Muted pink background with white palm leaves Finger Strap Color: Muted pink background with white palm leaves Case Features: Comfortable finger loop that can be used with either hand, Wallet pouch that is designed to fit 2 cards (as it breaks in, more cards can be added), Adjustable kickstand to prop up your phone, Vegan leather material, Shock-absorbing inner pad",19.99,"TropicalPalms1.jpg, TropicalPalms2.jpg, TropicalPalms3.jpg, TropicalPalms4.jpg",iPhone 14,TRO-IPH-14P,10
Tropical Palms,"Case Design: Muted pink background with white palm leaves Finger Strap Color: Muted pink background with white palm leaves Case Features: Comfortable finger loop that can be used with either hand, Wallet pouch that is designed to fit 2 cards (as it breaks in, more cards can be added), Adjustable kickstand to prop up your phone, Vegan leather material, Shock-absorbing inner pad",19.99,"TropicalPalms1.jpg, TropicalPalms2.jpg, TropicalPalms3.jpg, TropicalPalms4.jpg",iPhone 14 Pro Max,TRO-IPH-14P-MAX,10
Wildflower,"Case Design: Green background with white flowers Finger Strap Color: Solid orange Case Features: Comfortable finger loop that can be used with either hand, Wallet pouch that is designed to fit 2 cards (as it breaks in, more cards can be added), Adjustable kickstand to prop up your phone, Vegan leather material, Shock-absorbing inner pad",19.99,"Wildflower1.jpg, Wildflower2.jpg, Wildflowe3.jpg, Wildflower4.jpg",iPhone 13 Pro,WIL-IPH-13P,10
Wildflower,"Case Design: Green background with white flowers Finger Strap Color: Solid orange Case Features: Comfortable finger loop that can be used with either hand, Wallet pouch that is designed to fit 2 cards (as it breaks in, more cards can be added), Adjustable kickstand to prop up your phone, Vegan leather material, Shock-absorbing inner pad",19.99,"Wildflower1.jpg, Wildflower2.jpg, Wildflowe3.jpg, Wildflower4.jpg",iPhone 14 Pro,WIL-IPH-14P,9
Check it,"Case Design: Lavender and off white checker Finger Strap Color: Lavender and off white checker Case Features: Comfortable finger loop that can be used with either hand, Wallet pouch that is designed to fit 2 cards (as it breaks in, more cards can be added), Adjustable kickstand to prop up your phone, Vegan leather material, Shock-absorbing inner pad",19.99,"Checkit1.jpg, Checkit2.jpg, Checkit3.jpg, Checkit4.jpg",iPhone 14 Pro,WYL-IPH-14P,9