name,description,price,name,compatibleModels,sku
Black Antique,"Case Features: Comfortable finger loop that can be used with either hand, Wallet pouch that is designed to fit 2 cards (as it breaks in, more cards can be added), Adjustable kickstand to prop up your phone, Vegan leather material, Shock-absorbing inner pad",19.99,ANT-IPH-11.jpeg,iPhone 11,ANT-IPH-11
Black Antique,"Case Features: Comfortable finger loop that can be used with either hand, Wallet pouch that is designed to fit 2 cards (as it breaks in, more cards can be added), Adjustable kickstand to prop up your phone, Vegan leather material, Shock-absorbing inner pad",19.99,ANT-IPH-11P.jpeg,iPhone 11 Pro,ANT-IPH-11P
Black Antique,"Case Features: Comfortable finger loop that can be used with either hand, Wallet pouch that is designed to fit 2 cards (as it breaks in, more cards can be added), Adjustable kickstand to prop up your phone, Vegan leather material, Shock-absorbing inner pad",19.99,ANT-IPH-11P-MAX.jpeg,iPhone 11 Pro Max,ANT-IPH-11P-MAX
Black Antique,"Case Features: Comfortable finger loop that can be used with either hand, Wallet pouch that is designed to fit 2 cards (as it breaks in, more cards can be added), Adjustable kickstand to prop up your phone, Vegan leather material, Shock-absorbing inner pad",19.99,ANT-IPH-12.jpeg,iPhone 12,ANT-IPH-12
Black Antique,"Case Features: Comfortable finger loop that can be used with either hand, Wallet pouch that is designed to fit 2 cards (as it breaks in, more cards can be added), Adjustable kickstand to prop up your phone, Vegan leather material, Shock-absorbing inner pad",19.99,ANT-IPH-12P-MAX.jpeg,iPhone 12 Pro Max,ANT-IPH-12P-MAX
Black Antique,"Case Features: Comfortable finger loop that can be used with either hand, Wallet pouch that is designed to fit 2 cards (as it breaks in, more cards can be added), Adjustable kickstand to prop up your phone, Vegan leather material, Shock-absorbing inner pad",19.99,ANT-IPH-13.jpeg,iPhone 13,ANT-IPH-13
Black Antique,"Case Features: Comfortable finger loop that can be used with either hand, Wallet pouch that is designed to fit 2 cards (as it breaks in, more cards can be added), Adjustable kickstand to prop up your phone, Vegan leather material, Shock-absorbing inner pad",19.99,ANT-IPH-13P.jpeg,iPhone 13 Pro,ANT-IPH-13P
Black Antique,"Case Features: Comfortable finger loop that can be used with either hand, Wallet pouch that is designed to fit 2 cards (as it breaks in, more cards can be added), Adjustable kickstand to prop up your phone, Vegan leather material, Shock-absorbing inner pad",19.99,ANT-IPH-13P-MAX.jpeg,iPhone 13 Pro Max,ANT-IPH-13P-MAX
Black Antique,"Case Features: Comfortable finger loop that can be used with either hand, Wallet pouch that is designed to fit 2 cards (as it breaks in, more cards can be added), Adjustable kickstand to prop up your phone, Vegan leather material, Shock-absorbing inner pad",19.99,ANT-IPH-14.jpeg,iPhone 14,ANT-IPH-14
Black Antique,"Case Features: Comfortable finger loop that can be used with either hand, Wallet pouch that is designed to fit 2 cards (as it breaks in, more cards can be added), Adjustable kickstand to prop up your phone, Vegan leather material, Shock-absorbing inner pad",19.99,ANT-IPH-14P.jpeg,iPhone 14 Pro,ANT-IPH-14P
Black Antique,"Case Features: Comfortable finger loop that can be used with either hand, Wallet pouch that is designed to fit 2 cards (as it breaks in, more cards can be added), Adjustable kickstand to prop up your phone, Vegan leather material, Shock-absorbing inner pad",19.99,ANT-IPH-14P-MAX.jpeg,iPhone 14 Pro Max,ANT-IPH-14P-MAX
Blacked Out Leopard,"Case Features: Comfortable finger loop that can be used with either hand, Wallet pouch that is designed to fit 2 cards (as it breaks in, more cards can be added), Adjustable kickstand to prop up your phone, Vegan leather material, Shock-absorbing inner pad",19.99,BLA-IPH-11.jpeg,iPhone 11,BLA-IPH-11
Blacked Out Leopard,"Case Features: Comfortable finger loop that can be used with either hand, Wallet pouch that is designed to fit 2 cards (as it breaks in, more cards can be added), Adjustable kickstand to prop up your phone, Vegan leather material, Shock-absorbing inner pad",19.99,BLA-IPH-11P.jpeg,iPhone 11 Pro,BLA-IPH-11P
Blacked Out Leopard,"Case Features: Comfortable finger loop that can be used with either hand, Wallet pouch that is designed to fit 2 cards (as it breaks in, more cards can be added), Adjustable kickstand to prop up your phone, Vegan leather material, Shock-absorbing inner pad",19.99,BLA-IPH-11P-MAX.jpeg,iPhone 11 Pro Max,BLA-IPH-11P-MAX
Blacked Out Leopard,"Case Features: Comfortable finger loop that can be used with either hand, Wallet pouch that is designed to fit 2 cards (as it breaks in, more cards can be added), Adjustable kickstand to prop up your phone, Vegan leather material, Shock-absorbing inner pad",19.99,BLA-IPH-12.jpeg,iPhone 12,BLA-IPH-12
Blacked Out Leopard,"Case Features: Comfortable finger loop that can be used with either hand, Wallet pouch that is designed to fit 2 cards (as it breaks in, more cards can be added), Adjustable kickstand to prop up your phone, Vegan leather material, Shock-absorbing inner pad",19.99,BLA-IPH-13P.jpeg,iPhone 13 Pro,BLA-IPH-13P
Blacked Out Leopard,"Case Features: Comfortable finger loop that can be used with either hand, Wallet pouch that is designed to fit 2 cards (as it breaks in, more cards can be added), Adjustable kickstand to prop up your phone, Vegan leather material, Shock-absorbing inner pad",19.99,BLA-IPH-13P-MAX.jpeg,iPhone 13 Pro Max,BLA-IPH-13P-MAX
Blacked Out Leopard,"Case Features: Comfortable finger loop that can be used with either hand, Wallet pouch that is designed to fit 2 cards (as it breaks in, more cards can be added), Adjustable kickstand to prop up your phone, Vegan leather material, Shock-absorbing inner pad",19.99,BLA-IPH-14.jpeg,iPhone 14,BLA-IPH-14
Blacked Out Leopard,"Case Features: Comfortable finger loop that can be used with either hand, Wallet pouch that is designed to fit 2 cards (as it breaks in, more cards can be added), Adjustable kickstand to prop up your phone, Vegan leather material, Shock-absorbing inner pad",19.99,BLA-IPH-14P.jpeg,iPhone 14 Pro,BLA-IPH-14P
Blacked Out Leopard,"Case Features: Comfortable finger loop that can be used with either hand, Wallet pouch that is designed to fit 2 cards (as it breaks in, more cards can be added), Adjustable kickstand to prop up your phone, Vegan leather material, Shock-absorbing inner pad",19.99,BLA-IPH-14P-MAX.jpeg,iPhone 14 Pro Max,BLA-IPH-14P-MAX
Blushing Leopard,"Case Features: Comfortable finger loop that can be used with either hand, Wallet pouch that is designed to fit 2 cards (as it breaks in, more cards can be added), Adjustable kickstand to prop up your phone, Vegan leather material, Shock-absorbing inner pad",19.99,BLU-IPH-11.jpeg,iPhone 11,BLU-IPH-11
Blushing Leopard,"Case Features: Comfortable finger loop that can be used with either hand, Wallet pouch that is designed to fit 2 cards (as it breaks in, more cards can be added), Adjustable kickstand to prop up your phone, Vegan leather material, Shock-absorbing inner pad",19.99,BLU-IPH-11P.jpeg,iPhone 11 Pro,BLU-IPH-11P
Blushing Leopard,"Case Features: Comfortable finger loop that can be used with either hand, Wallet pouch that is designed to fit 2 cards (as it breaks in, more cards can be added), Adjustable kickstand to prop up your phone, Vegan leather material, Shock-absorbing inner pad",19.99,BLU-IPH-11P-MAX.jpeg,iPhone 11 Pro Max,BLU-IPH-11P-MAX
Blushing Leopard,"Case Features: Comfortable finger loop that can be used with either hand, Wallet pouch that is designed to fit 2 cards (as it breaks in, more cards can be added), Adjustable kickstand to prop up your phone, Vegan leather material, Shock-absorbing inner pad",19.99,BLU-IPH-12.jpeg,iPhone 12 ,BLU-IPH-12
Blushing Leopard,"Case Features: Comfortable finger loop that can be used with either hand, Wallet pouch that is designed to fit 2 cards (as it breaks in, more cards can be added), Adjustable kickstand to prop up your phone, Vegan leather material, Shock-absorbing inner pad",19.99,BLU-IPH-12P-MAX.jpeg,iPhone 12 Pro Max,BLU-IPH-12P-MAX
Blushing Leopard,"Case Features: Comfortable finger loop that can be used with either hand, Wallet pouch that is designed to fit 2 cards (as it breaks in, more cards can be added), Adjustable kickstand to prop up your phone, Vegan leather material, Shock-absorbing inner pad",19.99,BLU-IPH-13.jpeg,iPhone 13 ,BLU-IPH-13
Blushing Leopard,"Case Features: Comfortable finger loop that can be used with either hand, Wallet pouch that is designed to fit 2 cards (as it breaks in, more cards can be added), Adjustable kickstand to prop up your phone, Vegan leather material, Shock-absorbing inner pad",19.99,BLU-IPH-13P.jpeg,iPhone 13 Pro,BLU-IPH-13P
Blushing Leopard,"Case Features: Comfortable finger loop that can be used with either hand, Wallet pouch that is designed to fit 2 cards (as it breaks in, more cards can be added), Adjustable kickstand to prop up your phone, Vegan leather material, Shock-absorbing inner pad",19.99,BLU-IPH-13P-MAX.jpeg,iPhone 13 Pro Max,BLU-IPH-13P-MAX
Blushing Leopard,"Case Features: Comfortable finger loop that can be used with either hand, Wallet pouch that is designed to fit 2 cards (as it breaks in, more cards can be added), Adjustable kickstand to prop up your phone, Vegan leather material, Shock-absorbing inner pad",19.99,BLU-IPH-14.jpeg,iPhone 14,BLU-IPH-14
Blushing Leopard,"Case Features: Comfortable finger loop that can be used with either hand, Wallet pouch that is designed to fit 2 cards (as it breaks in, more cards can be added), Adjustable kickstand to prop up your phone, Vegan leather material, Shock-absorbing inner pad",19.99,BLU-IPH-14P.jpeg,iPhone 14 Pro,BLU-IPH-14P
Blushing Leopard,"Case Features: Comfortable finger loop that can be used with either hand, Wallet pouch that is designed to fit 2 cards (as it breaks in, more cards can be added), Adjustable kickstand to prop up your phone, Vegan leather material, Shock-absorbing inner pad",19.99,BLU-IPH-14P-MAX.jpeg,iPhone 14 Pro Max,BLU-IPH-14P-MAX
Brown Leopard,"Case Features: Comfortable finger loop that can be used with either hand, Wallet pouch that is designed to fit 2 cards (as it breaks in, more cards can be added), Adjustable kickstand to prop up your phone, Vegan leather material, Shock-absorbing inner pad",19.99,BRO-IPH-11P.jpeg,iPhone 11 Pro,BRO-IPH-11P
Brown Leopard,"Case Features: Comfortable finger loop that can be used with either hand, Wallet pouch that is designed to fit 2 cards (as it breaks in, more cards can be added), Adjustable kickstand to prop up your phone, Vegan leather material, Shock-absorbing inner pad",19.99,BRO-IPH-11P-MAX.jpeg,iPhone 11 Pro Max,BRO-IPH-11P-MAX
Brown Leopard,"Case Features: Comfortable finger loop that can be used with either hand, Wallet pouch that is designed to fit 2 cards (as it breaks in, more cards can be added), Adjustable kickstand to prop up your phone, Vegan leather material, Shock-absorbing inner pad",19.99,BRO-IPH-12.jpeg,iPhone 12,BRO-IPH-12
Brown Leopard,"Case Features: Comfortable finger loop that can be used with either hand, Wallet pouch that is designed to fit 2 cards (as it breaks in, more cards can be added), Adjustable kickstand to prop up your phone, Vegan leather material, Shock-absorbing inner pad",19.99,BRO-IPH-12P-MAX.jpeg,iPhone 12 Pro Max,BRO-IPH-12P-MAX
Brown Leopard,"Case Features: Comfortable finger loop that can be used with either hand, Wallet pouch that is designed to fit 2 cards (as it breaks in, more cards can be added), Adjustable kickstand to prop up your phone, Vegan leather material, Shock-absorbing inner pad",19.99,BRO-IPH-13.jpeg,iPhone 13,BRO-IPH-13
Brown Leopard,"Case Features: Comfortable finger loop that can be used with either hand, Wallet pouch that is designed to fit 2 cards (as it breaks in, more cards can be added), Adjustable kickstand to prop up your phone, Vegan leather material, Shock-absorbing inner pad",19.99,BRO-IPH-13P.jpeg,iPhone 13 Pro,BRO-IPH-13P
Brown Leopard,"Case Features: Comfortable finger loop that can be used with either hand, Wallet pouch that is designed to fit 2 cards (as it breaks in, more cards can be added), Adjustable kickstand to prop up your phone, Vegan leather material, Shock-absorbing inner pad",19.99,BRO-IPH-13P-MAX.jpeg,iPhone 13 Pro Max,BRO-IPH-13P-MAX
Brown Leopard,"Case Features: Comfortable finger loop that can be used with either hand, Wallet pouch that is designed to fit 2 cards (as it breaks in, more cards can be added), Adjustable kickstand to prop up your phone, Vegan leather material, Shock-absorbing inner pad",19.99,BRO-IPH-14.jpeg,iPhone 14,BRO-IPH-14
Brown Leopard,"Case Features: Comfortable finger loop that can be used with either hand, Wallet pouch that is designed to fit 2 cards (as it breaks in, more cards can be added), Adjustable kickstand to prop up your phone, Vegan leather material, Shock-absorbing inner pad",19.99,BRO-IPH-14P.jpeg,iPhone 14 Pro,BRO-IPH-14P
Brown Leopard,"Case Features: Comfortable finger loop that can be used with either hand, Wallet pouch that is designed to fit 2 cards (as it breaks in, more cards can be added), Adjustable kickstand to prop up your phone, Vegan leather material, Shock-absorbing inner pad",19.99,BRO-IPH-14P-MAX.jpeg,iPhone 14 Pro Max,BRO-IPH-14P-MAX
Chestnut Checks,"Case Features: Comfortable finger loop that can be used with either hand, Wallet pouch that is designed to fit 2 cards (as it breaks in, more cards can be added), Adjustable kickstand to prop up your phone, Vegan leather material, Shock-absorbing inner pad",19.99,CC-IPH-11.jpeg,iPhone 11,CC-IPH-11
Chestnut Checks,"Case Features: Comfortable finger loop that can be used with either hand, Wallet pouch that is designed to fit 2 cards (as it breaks in, more cards can be added), Adjustable kickstand to prop up your phone, Vegan leather material, Shock-absorbing inner pad",19.99,CC-IPH-11P.jpeg,iPhone 11 Pro,CC-IPH-11P
Chestnut Checks,"Case Features: Comfortable finger loop that can be used with either hand, Wallet pouch that is designed to fit 2 cards (as it breaks in, more cards can be added), Adjustable kickstand to prop up your phone, Vegan leather material, Shock-absorbing inner pad",19.99,CC-IPH-11P-MAX.jpeg,iPhone 11 Pro Max,CC-IPH-11P-MAX
Chestnut Checks,"Case Features: Comfortable finger loop that can be used with either hand, Wallet pouch that is designed to fit 2 cards (as it breaks in, more cards can be added), Adjustable kickstand to prop up your phone, Vegan leather material, Shock-absorbing inner pad",19.99,CC-IPH-12.jpeg,iPhone 12 ,CC-IPH-12
Chestnut Checks,"Case Features: Comfortable finger loop that can be used with either hand, Wallet pouch that is designed to fit 2 cards (as it breaks in, more cards can be added), Adjustable kickstand to prop up your phone, Vegan leather material, Shock-absorbing inner pad",19.99,CC-IPH-12P-MAX.jpeg,iPhone 12 Pro Max,CC-IPH-12P-MAX
Chestnut Checks,"Case Features: Comfortable finger loop that can be used with either hand, Wallet pouch that is designed to fit 2 cards (as it breaks in, more cards can be added), Adjustable kickstand to prop up your phone, Vegan leather material, Shock-absorbing inner pad",19.99,CC-IPH-13.jpeg,iPhone 13,CC-IPH-13
Chestnut Checks,"Case Features: Comfortable finger loop that can be used with either hand, Wallet pouch that is designed to fit 2 cards (as it breaks in, more cards can be added), Adjustable kickstand to prop up your phone, Vegan leather material, Shock-absorbing inner pad",19.99,CC-IPH-13P.jpeg,iPhone 13 Pro,CC-IPH-13P
Chestnut Checks,"Case Features: Comfortable finger loop that can be used with either hand, Wallet pouch that is designed to fit 2 cards (as it breaks in, more cards can be added), Adjustable kickstand to prop up your phone, Vegan leather material, Shock-absorbing inner pad",19.99,CC-IPH-13P-MAX.jpeg,iPhone 13 Pro Max,CC-IPH-13P-MAX
Chestnut Checks,"Case Features: Comfortable finger loop that can be used with either hand, Wallet pouch that is designed to fit 2 cards (as it breaks in, more cards can be added), Adjustable kickstand to prop up your phone, Vegan leather material, Shock-absorbing inner pad",19.99,CC-IPH-14.jpeg,iPhone 14,CC-IPH-14
Chestnut Checks,"Case Features: Comfortable finger loop that can be used with either hand, Wallet pouch that is designed to fit 2 cards (as it breaks in, more cards can be added), Adjustable kickstand to prop up your phone, Vegan leather material, Shock-absorbing inner pad",19.99,CC-IPH-14P.jpeg,iPhone 14 Pro,CC-IPH-14P
Chestnut Checks,"Case Features: Comfortable finger loop that can be used with either hand, Wallet pouch that is designed to fit 2 cards (as it breaks in, more cards can be added), Adjustable kickstand to prop up your phone, Vegan leather material, Shock-absorbing inner pad",19.99,CC-IPH-14P-MAX.jpeg,iPhone 14 Pro Max,CC-IPH-14P-MAX
Blue Check,"Case Features: Comfortable finger loop that can be used with either hand, Wallet pouch that is designed to fit 2 cards (as it breaks in, more cards can be added), Adjustable kickstand to prop up your phone, Vegan leather material, Shock-absorbing inner pad",19.99,CHE-IPH-12.jpeg,iPhone 12 ,CHE-IPH-12
Blue Check,"Case Features: Comfortable finger loop that can be used with either hand, Wallet pouch that is designed to fit 2 cards (as it breaks in, more cards can be added), Adjustable kickstand to prop up your phone, Vegan leather material, Shock-absorbing inner pad",19.99,CHE-IPH-12P-MAX.jpeg,iPhone 12 Pro Max,CHE-IPH-12P-MAX
Blue Check,"Case Features: Comfortable finger loop that can be used with either hand, Wallet pouch that is designed to fit 2 cards (as it breaks in, more cards can be added), Adjustable kickstand to prop up your phone, Vegan leather material, Shock-absorbing inner pad",19.99,CHE-IPH-13.jpeg,iPhone 13,CHE-IPH-13
Blue Check,"Case Features: Comfortable finger loop that can be used with either hand, Wallet pouch that is designed to fit 2 cards (as it breaks in, more cards can be added), Adjustable kickstand to prop up your phone, Vegan leather material, Shock-absorbing inner pad",19.99,CHE-IPH-13P.jpeg,iPhone 13 Pro,CHE-IPH-13P
Blue Check,"Case Features: Comfortable finger loop that can be used with either hand, Wallet pouch that is designed to fit 2 cards (as it breaks in, more cards can be added), Adjustable kickstand to prop up your phone, Vegan leather material, Shock-absorbing inner pad",19.99,CHE-IPH-13P-MAX.jpeg,iPhone 13 Pro Max,CHE-IPH-13P-MAX
Blue Check,"Case Features: Comfortable finger loop that can be used with either hand, Wallet pouch that is designed to fit 2 cards (as it breaks in, more cards can be added), Adjustable kickstand to prop up your phone, Vegan leather material, Shock-absorbing inner pad",19.99,CHE-IPH-14P.jpeg,iPhone 14 Pro,CHE-IPH-14P
Blue Check,"Case Features: Comfortable finger loop that can be used with either hand, Wallet pouch that is designed to fit 2 cards (as it breaks in, more cards can be added), Adjustable kickstand to prop up your phone, Vegan leather material, Shock-absorbing inner pad",19.99,CHE-IPH-14P-MAX.jpeg,iPhone 14 Pro Max,CHE-IPH-14P-MAX
Dalmatian Dots,"Case Features: Comfortable finger loop that can be used with either hand, Wallet pouch that is designed to fit 2 cards (as it breaks in, more cards can be added), Adjustable kickstand to prop up your phone, Vegan leather material, Shock-absorbing inner pad",19.99,DAL-IPH-12.jpeg,iPhone 12 ,DAL-IPH-12
Dalmatian Dots,"Case Features: Comfortable finger loop that can be used with either hand, Wallet pouch that is designed to fit 2 cards (as it breaks in, more cards can be added), Adjustable kickstand to prop up your phone, Vegan leather material, Shock-absorbing inner pad",19.99,DAL-IPH-12P-MAX.jpeg,iPhone 12 Pro Max,DAL-IPH-12P-MAX
Dalmatian Dots,"Case Features: Comfortable finger loop that can be used with either hand, Wallet pouch that is designed to fit 2 cards (as it breaks in, more cards can be added), Adjustable kickstand to prop up your phone, Vegan leather material, Shock-absorbing inner pad",19.99,DAL-IPH-13.jpeg,iPhone 13,DAL-IPH-13
Dalmatian Dots,"Case Features: Comfortable finger loop that can be used with either hand, Wallet pouch that is designed to fit 2 cards (as it breaks in, more cards can be added), Adjustable kickstand to prop up your phone, Vegan leather material, Shock-absorbing inner pad",19.99,DAL-IPH-13P.jpeg,iPhone 13 Pro,DAL-IPH-13P
Dalmatian Dots,"Case Features: Comfortable finger loop that can be used with either hand, Wallet pouch that is designed to fit 2 cards (as it breaks in, more cards can be added), Adjustable kickstand to prop up your phone, Vegan leather material, Shock-absorbing inner pad",19.99,DAL-IPH-13P-MAX.jpeg,iPhone 13 Pro Max,DAL-IPH-13P-MAX
Dalmatian Dots,"Case Features: Comfortable finger loop that can be used with either hand, Wallet pouch that is designed to fit 2 cards (as it breaks in, more cards can be added), Adjustable kickstand to prop up your phone, Vegan leather material, Shock-absorbing inner pad",19.99,DAL-IPH-14.jpeg,iPhone 14,DAL-IPH-14
Dalmatian Dots,"Case Features: Comfortable finger loop that can be used with either hand, Wallet pouch that is designed to fit 2 cards (as it breaks in, more cards can be added), Adjustable kickstand to prop up your phone, Vegan leather material, Shock-absorbing inner pad",19.99,DAL-IPH-14P.jpeg,iPhone 14 Pro,DAL-IPH-14P
Dalmatian Dots,"Case Features: Comfortable finger loop that can be used with either hand, Wallet pouch that is designed to fit 2 cards (as it breaks in, more cards can be added), Adjustable kickstand to prop up your phone, Vegan leather material, Shock-absorbing inner pad",19.99,DAL-IPH-14P-MAX.jpeg,iPhone 14 Pro Max,DAL-IPH-14P-MAX
Harvest Fields,"Case Features: Comfortable finger loop that can be used with either hand, Wallet pouch that is designed to fit 2 cards (as it breaks in, more cards can be added), Adjustable kickstand to prop up your phone, Vegan leather material, Shock-absorbing inner pad",19.99,FIE-IPH-11P.jpeg,iPhone 11 Pro,FIE-IPH-11P
Harvest Fields,"Case Features: Comfortable finger loop that can be used with either hand, Wallet pouch that is designed to fit 2 cards (as it breaks in, more cards can be added), Adjustable kickstand to prop up your phone, Vegan leather material, Shock-absorbing inner pad",19.99,FIE-IPH-12.jpeg,iPhone 12 ,FIE-IPH-12
Harvest Fields,"Case Features: Comfortable finger loop that can be used with either hand, Wallet pouch that is designed to fit 2 cards (as it breaks in, more cards can be added), Adjustable kickstand to prop up your phone, Vegan leather material, Shock-absorbing inner pad",19.99,FIE-IPH-12P-MAX.jpeg,iPhone 12 Pro Max,FIE-IPH-12P-MAX
Harvest Fields,"Case Features: Comfortable finger loop that can be used with either hand, Wallet pouch that is designed to fit 2 cards (as it breaks in, more cards can be added), Adjustable kickstand to prop up your phone, Vegan leather material, Shock-absorbing inner pad",19.99,FIE-IPH-13.jpeg,iPhone 13,FIE-IPH-13
Harvest Fields,"Case Features: Comfortable finger loop that can be used with either hand, Wallet pouch that is designed to fit 2 cards (as it breaks in, more cards can be added), Adjustable kickstand to prop up your phone, Vegan leather material, Shock-absorbing inner pad",19.99,FIE-IPH-13P.jpeg,iPhone 13 Pro,FIE-IPH-13P
Harvest Fields,"Case Features: Comfortable finger loop that can be used with either hand, Wallet pouch that is designed to fit 2 cards (as it breaks in, more cards can be added), Adjustable kickstand to prop up your phone, Vegan leather material, Shock-absorbing inner pad",19.99,FIE-IPH-13P-MAX.jpeg,iPhone 13 Pro Max,FIE-IPH-13P-MAX
Harvest Fields,"Case Features: Comfortable finger loop that can be used with either hand, Wallet pouch that is designed to fit 2 cards (as it breaks in, more cards can be added), Adjustable kickstand to prop up your phone, Vegan leather material, Shock-absorbing inner pad",19.99,FIE-IPH-14.jpeg,iPhone 14,FIE-IPH-14
Harvest Fields,"Case Features: Comfortable finger loop that can be used with either hand, Wallet pouch that is designed to fit 2 cards (as it breaks in, more cards can be added), Adjustable kickstand to prop up your phone, Vegan leather material, Shock-absorbing inner pad",19.99,FIE-IPH-14P.jpeg,iPhone 14 Pro,FIE-IPH-14P
Harvest Fields,"Case Features: Comfortable finger loop that can be used with either hand, Wallet pouch that is designed to fit 2 cards (as it breaks in, more cards can be added), Adjustable kickstand to prop up your phone, Vegan leather material, Shock-absorbing inner pad",19.99,FIE-IPH-14P-MAX.jpeg,iPhone 14 Pro Max,FIE-IPH-14P-MAX
Firewood,"Case Features: Comfortable finger loop that can be used with either hand, Wallet pouch that is designed to fit 2 cards (as it breaks in, more cards can be added), Adjustable kickstand to prop up your phone, Vegan leather material, Shock-absorbing inner pad",19.99,FIR-IPH-11.jpeg,iPhone 11,FIR-IPH-11
Firewood,"Case Features: Comfortable finger loop that can be used with either hand, Wallet pouch that is designed to fit 2 cards (as it breaks in, more cards can be added), Adjustable kickstand to prop up your phone, Vegan leather material, Shock-absorbing inner pad",19.99,FIR-IPH-11P.jpeg,iPhone 11 Pro,FIR-IPH-11P
Firewood,"Case Features: Comfortable finger loop that can be used with either hand, Wallet pouch that is designed to fit 2 cards (as it breaks in, more cards can be added), Adjustable kickstand to prop up your phone, Vegan leather material, Shock-absorbing inner pad",19.99,FIR-IPH-11P-MAX.jpeg,iPhone 11 Pro Max,FIR-IPH-11P-MAX
Firewood,"Case Features: Comfortable finger loop that can be used with either hand, Wallet pouch that is designed to fit 2 cards (as it breaks in, more cards can be added), Adjustable kickstand to prop up your phone, Vegan leather material, Shock-absorbing inner pad",19.99,FIR-IPH-12.jpeg,iPhone 12 ,FIR-IPH-12
Firewood,"Case Features: Comfortable finger loop that can be used with either hand, Wallet pouch that is designed to fit 2 cards (as it breaks in, more cards can be added), Adjustable kickstand to prop up your phone, Vegan leather material, Shock-absorbing inner pad",19.99,FIR-IPH-12P-MAX.jpeg,iPhone 12 Pro Max,FIR-IPH-12P-MAX
Firewood,"Case Features: Comfortable finger loop that can be used with either hand, Wallet pouch that is designed to fit 2 cards (as it breaks in, more cards can be added), Adjustable kickstand to prop up your phone, Vegan leather material, Shock-absorbing inner pad",19.99,FIR-IPH-13P.jpeg,iPhone 13 Pro,FIR-IPH-13P
Firewood,"Case Features: Comfortable finger loop that can be used with either hand, Wallet pouch that is designed to fit 2 cards (as it breaks in, more cards can be added), Adjustable kickstand to prop up your phone, Vegan leather material, Shock-absorbing inner pad",19.99,FIR-IPH-13P-MAX.jpeg,iPhone 13 Pro Max,FIR-IPH-13P-MAX
Firewood,"Case Features: Comfortable finger loop that can be used with either hand, Wallet pouch that is designed to fit 2 cards (as it breaks in, more cards can be added), Adjustable kickstand to prop up your phone, Vegan leather material, Shock-absorbing inner pad",19.99,FIR-IPH-14P.jpeg,iPhone 14 Pro,FIR-IPH-14P
Firewood,"Case Features: Comfortable finger loop that can be used with either hand, Wallet pouch that is designed to fit 2 cards (as it breaks in, more cards can be added), Adjustable kickstand to prop up your phone, Vegan leather material, Shock-absorbing inner pad",19.99,FIR-IPH-14P-MAX.jpeg,iPhone 14 Pro Max,FIR-IPH-14P-MAX
Harmony,"Case Features: Comfortable finger loop that can be used with either hand, Wallet pouch that is designed to fit 2 cards (as it breaks in, more cards can be added), Adjustable kickstand to prop up your phone, Vegan leather material, Shock-absorbing inner pad",19.99,HAR-IPH-11P-MAX.jpeg,iPhone 11 Pro Max,HAR-IPH-11P-MAX
Harmony,"Case Features: Comfortable finger loop that can be used with either hand, Wallet pouch that is designed to fit 2 cards (as it breaks in, more cards can be added), Adjustable kickstand to prop up your phone, Vegan leather material, Shock-absorbing inner pad",19.99,HAR-IPH-12.jpeg,iPhone 12 ,HAR-IPH-12
Harmony,"Case Features: Comfortable finger loop that can be used with either hand, Wallet pouch that is designed to fit 2 cards (as it breaks in, more cards can be added), Adjustable kickstand to prop up your phone, Vegan leather material, Shock-absorbing inner pad",19.99,HAR-IPH-12P-MAX.jpeg,iPhone 12 Pro Max,HAR-IPH-12P-MAX
Harmony,"Case Features: Comfortable finger loop that can be used with either hand, Wallet pouch that is designed to fit 2 cards (as it breaks in, more cards can be added), Adjustable kickstand to prop up your phone, Vegan leather material, Shock-absorbing inner pad",19.99,HAR-IPH-13.jpeg,iPhone 13,HAR-IPH-13
Harmony,"Case Features: Comfortable finger loop that can be used with either hand, Wallet pouch that is designed to fit 2 cards (as it breaks in, more cards can be added), Adjustable kickstand to prop up your phone, Vegan leather material, Shock-absorbing inner pad",19.99,HAR-IPH-13P.jpeg,iPhone 13 Pro,HAR-IPH-13P
Harmony,"Case Features: Comfortable finger loop that can be used with either hand, Wallet pouch that is designed to fit 2 cards (as it breaks in, more cards can be added), Adjustable kickstand to prop up your phone, Vegan leather material, Shock-absorbing inner pad",19.99,HAR-IPH-13P-MAX.jpeg,iPhone 13 Pro Max,HAR-IPH-13P-MAX
Harmony,"Case Features: Comfortable finger loop that can be used with either hand, Wallet pouch that is designed to fit 2 cards (as it breaks in, more cards can be added), Adjustable kickstand to prop up your phone, Vegan leather material, Shock-absorbing inner pad",19.99,HAR-IPH-14.jpeg,iPhone 14,HAR-IPH-14
Harmony,"Case Features: Comfortable finger loop that can be used with either hand, Wallet pouch that is designed to fit 2 cards (as it breaks in, more cards can be added), Adjustable kickstand to prop up your phone, Vegan leather material, Shock-absorbing inner pad",19.99,HAR-IPH-14P.jpeg,iPhone 14 Pro,HAR-IPH-14P
Harmony,"Case Features: Comfortable finger loop that can be used with either hand, Wallet pouch that is designed to fit 2 cards (as it breaks in, more cards can be added), Adjustable kickstand to prop up your phone, Vegan leather material, Shock-absorbing inner pad",19.99,HAR-IPH-14P-MAX.jpeg,iPhone 14 Pro Max,HAR-IPH-14P-MAX
Houndstooth,"Case Features: Comfortable finger loop that can be used with either hand, Wallet pouch that is designed to fit 2 cards (as it breaks in, more cards can be added), Adjustable kickstand to prop up your phone, Vegan leather material, Shock-absorbing inner pad",19.99,HOU-IPH-12.jpeg,iPhone 12,HOU-IPH-12
Houndstooth,"Case Features: Comfortable finger loop that can be used with either hand, Wallet pouch that is designed to fit 2 cards (as it breaks in, more cards can be added), Adjustable kickstand to prop up your phone, Vegan leather material, Shock-absorbing inner pad",19.99,HOU-IPH-12P-MAX.jpeg,iPhone 12 Pro Max,HOU-IPH-12P-MAX
Houndstooth,"Case Features: Comfortable finger loop that can be used with either hand, Wallet pouch that is designed to fit 2 cards (as it breaks in, more cards can be added), Adjustable kickstand to prop up your phone, Vegan leather material, Shock-absorbing inner pad",19.99,HOU-IPH-13P.jpeg,iPhone 13 Pro,HOU-IPH-13P
Houndstooth,"Case Features: Comfortable finger loop that can be used with either hand, Wallet pouch that is designed to fit 2 cards (as it breaks in, more cards can be added), Adjustable kickstand to prop up your phone, Vegan leather material, Shock-absorbing inner pad",19.99,HOU-IPH-14P.jpeg,iPhone14 Pro,HOU-IPH-14P
Jolly Ol Time,"Case Features: Comfortable finger loop that can be used with either hand, Wallet pouch that is designed to fit 2 cards (as it breaks in, more cards can be added), Adjustable kickstand to prop up your phone, Vegan leather material, Shock-absorbing inner pad",19.99,JOL-IPH-12.jpeg,iPhone 12 ,JOL-IPH-12
Jolly Ol Time,"Case Features: Comfortable finger loop that can be used with either hand, Wallet pouch that is designed to fit 2 cards (as it breaks in, more cards can be added), Adjustable kickstand to prop up your phone, Vegan leather material, Shock-absorbing inner pad",19.99,JOL-IPH-12P-MAX.jpeg,iPhone 12 Pro Max,JOL-IPH-12P-MAX
Jolly Ol Time,"Case Features: Comfortable finger loop that can be used with either hand, Wallet pouch that is designed to fit 2 cards (as it breaks in, more cards can be added), Adjustable kickstand to prop up your phone, Vegan leather material, Shock-absorbing inner pad",19.99,JOL-IPH-13.jpeg,iPhone 13,JOL-IPH-13
Jolly Ol Time,"Case Features: Comfortable finger loop that can be used with either hand, Wallet pouch that is designed to fit 2 cards (as it breaks in, more cards can be added), Adjustable kickstand to prop up your phone, Vegan leather material, Shock-absorbing inner pad",19.99,JOL-IPH-13P.jpeg,iPhone 13 Pro,JOL-IPH-13P
Jolly Ol Time,"Case Features: Comfortable finger loop that can be used with either hand, Wallet pouch that is designed to fit 2 cards (as it breaks in, more cards can be added), Adjustable kickstand to prop up your phone, Vegan leather material, Shock-absorbing inner pad",19.99,JOL-IPH-13P-MAX.jpeg,iPhone 13 Pro Max,JOL-IPH-13P-MAX
Jolly Ol Time,"Case Features: Comfortable finger loop that can be used with either hand, Wallet pouch that is designed to fit 2 cards (as it breaks in, more cards can be added), Adjustable kickstand to prop up your phone, Vegan leather material, Shock-absorbing inner pad",19.99,JOL-IPH-14.jpeg,iPhone 14,JOL-IPH-14
Jolly Ol Time,"Case Features: Comfortable finger loop that can be used with either hand, Wallet pouch that is designed to fit 2 cards (as it breaks in, more cards can be added), Adjustable kickstand to prop up your phone, Vegan leather material, Shock-absorbing inner pad",19.99,JOL-IPH-14P.jpeg,iPhone 14 Pro,JOL-IPH-14P
Jolly Ol Time,"Case Features: Comfortable finger loop that can be used with either hand, Wallet pouch that is designed to fit 2 cards (as it breaks in, more cards can be added), Adjustable kickstand to prop up your phone, Vegan leather material, Shock-absorbing inner pad",19.99,JOL-IPH-14P-MAX.jpeg,iPhone 14 Pro Max,JOL-IPH-14P-MAX
Brown Marble,"Case Features: Comfortable finger loop that can be used with either hand, Wallet pouch that is designed to fit 2 cards (as it breaks in, more cards can be added), Adjustable kickstand to prop up your phone, Vegan leather material, Shock-absorbing inner pad",19.99,MAR-IPH-12.jpeg,iPhone 12 ,MAR-IPH-12
Brown Marble,"Case Features: Comfortable finger loop that can be used with either hand, Wallet pouch that is designed to fit 2 cards (as it breaks in, more cards can be added), Adjustable kickstand to prop up your phone, Vegan leather material, Shock-absorbing inner pad",19.99,MAR-IPH-12P-MAX.jpeg,iPhone 12 Pro Max,MAR-IPH-12P-MAX
Brown Marble,"Case Features: Comfortable finger loop that can be used with either hand, Wallet pouch that is designed to fit 2 cards (as it breaks in, more cards can be added), Adjustable kickstand to prop up your phone, Vegan leather material, Shock-absorbing inner pad",19.99,MAR-IPH-13.jpeg,iPhone 13,MAR-IPH-13
Brown Marble,"Case Features: Comfortable finger loop that can be used with either hand, Wallet pouch that is designed to fit 2 cards (as it breaks in, more cards can be added), Adjustable kickstand to prop up your phone, Vegan leather material, Shock-absorbing inner pad",19.99,MAR-IPH-13P.jpeg,iPhone 13 Pro,MAR-IPH-13P
Brown Marble,"Case Features: Comfortable finger loop that can be used with either hand, Wallet pouch that is designed to fit 2 cards (as it breaks in, more cards can be added), Adjustable kickstand to prop up your phone, Vegan leather material, Shock-absorbing inner pad",19.99,MAR-IPH-13P-MAX.jpeg,iPhone 13 Pro Max,MAR-IPH-13P-MAX
Brown Marble,"Case Features: Comfortable finger loop that can be used with either hand, Wallet pouch that is designed to fit 2 cards (as it breaks in, more cards can be added), Adjustable kickstand to prop up your phone, Vegan leather material, Shock-absorbing inner pad",19.99,MAR-IPH-14.jpeg,iPhone 14,MAR-IPH-14
Brown Marble,"Case Features: Comfortable finger loop that can be used with either hand, Wallet pouch that is designed to fit 2 cards (as it breaks in, more cards can be added), Adjustable kickstand to prop up your phone, Vegan leather material, Shock-absorbing inner pad",19.99,MAR-IPH-14P.jpeg,iPhone 14 Pro,MAR-IPH-14P
Brown Marble,"Case Features: Comfortable finger loop that can be used with either hand, Wallet pouch that is designed to fit 2 cards (as it breaks in, more cards can be added), Adjustable kickstand to prop up your phone, Vegan leather material, Shock-absorbing inner pad",19.99,MAR-IPH-14P-MAX.jpeg,iPhone 14 Pro Max,MAR-IPH-14P-MAX
Midnight Floral,"Case Features: Comfortable finger loop that can be used with either hand, Wallet pouch that is designed to fit 2 cards (as it breaks in, more cards can be added), Adjustable kickstand to prop up your phone, Vegan leather material, Shock-absorbing inner pad",19.99,MID-IPH-11P.jpeg,iPhone 11 Pro,MID-IPH-11P
Midnight Floral,"Case Features: Comfortable finger loop that can be used with either hand, Wallet pouch that is designed to fit 2 cards (as it breaks in, more cards can be added), Adjustable kickstand to prop up your phone, Vegan leather material, Shock-absorbing inner pad",19.99,MID-IPH-11P-MAX.jpeg,iPhone 11 Pro Max,MID-IPH-11P-MAX
Midnight Floral,"Case Features: Comfortable finger loop that can be used with either hand, Wallet pouch that is designed to fit 2 cards (as it breaks in, more cards can be added), Adjustable kickstand to prop up your phone, Vegan leather material, Shock-absorbing inner pad",19.99,MID-IPH-12.jpeg,iPhone 12 ,MID-IPH-12
Midnight Floral,"Case Features: Comfortable finger loop that can be used with either hand, Wallet pouch that is designed to fit 2 cards (as it breaks in, more cards can be added), Adjustable kickstand to prop up your phone, Vegan leather material, Shock-absorbing inner pad",19.99,MID-IPH-12P-MAX.jpeg,iPhone 12 Pro Max,MID-IPH-12P-MAX
Midnight Floral,"Case Features: Comfortable finger loop that can be used with either hand, Wallet pouch that is designed to fit 2 cards (as it breaks in, more cards can be added), Adjustable kickstand to prop up your phone, Vegan leather material, Shock-absorbing inner pad",19.99,MID-IPH-13.jpeg,iPhone 13,MID-IPH-13
Midnight Floral,"Case Features: Comfortable finger loop that can be used with either hand, Wallet pouch that is designed to fit 2 cards (as it breaks in, more cards can be added), Adjustable kickstand to prop up your phone, Vegan leather material, Shock-absorbing inner pad",19.99,MID-IPH-13P.jpeg,iPhone 13 Pro,MID-IPH-13P
Midnight Floral,"Case Features: Comfortable finger loop that can be used with either hand, Wallet pouch that is designed to fit 2 cards (as it breaks in, more cards can be added), Adjustable kickstand to prop up your phone, Vegan leather material, Shock-absorbing inner pad",19.99,MID-IPH-13P-MAX.jpeg,iPhone 13 Pro Max,MID-IPH-13P-MAX
Midnight Floral,"Case Features: Comfortable finger loop that can be used with either hand, Wallet pouch that is designed to fit 2 cards (as it breaks in, more cards can be added), Adjustable kickstand to prop up your phone, Vegan leather material, Shock-absorbing inner pad",19.99,MID-IPH-14.jpeg,iPhone 14,MID-IPH-14
Midnight Floral,"Case Features: Comfortable finger loop that can be used with either hand, Wallet pouch that is designed to fit 2 cards (as it breaks in, more cards can be added), Adjustable kickstand to prop up your phone, Vegan leather material, Shock-absorbing inner pad",19.99,MID-IPH-14P.jpeg,iPhone 14 Pro,MID-IPH-14P
Midnight Floral,"Case Features: Comfortable finger loop that can be used with either hand, Wallet pouch that is designed to fit 2 cards (as it breaks in, more cards can be added), Adjustable kickstand to prop up your phone, Vegan leather material, Shock-absorbing inner pad",19.99,MID-IPH-14P-MAX.jpeg,iPhone 14 Pro Max,MID-IPH-14P-MAX
Picnic Plaid,"Case Features: Comfortable finger loop that can be used with either hand, Wallet pouch that is designed to fit 2 cards (as it breaks in, more cards can be added), Adjustable kickstand to prop up your phone, Vegan leather material, Shock-absorbing inner pad",19.99,PIC-IPH-12P-MAX.jpeg,iPhone 12 Pro Max,PIC-IPH-12P-MAX
Picnic Plaid,"Case Features: Comfortable finger loop that can be used with either hand, Wallet pouch that is designed to fit 2 cards (as it breaks in, more cards can be added), Adjustable kickstand to prop up your phone, Vegan leather material, Shock-absorbing inner pad",19.99,PIC-IPH-13.jpeg,iPhone 13 ,PIC-IPH-13
Picnic Plaid,"Case Features: Comfortable finger loop that can be used with either hand, Wallet pouch that is designed to fit 2 cards (as it breaks in, more cards can be added), Adjustable kickstand to prop up your phone, Vegan leather material, Shock-absorbing inner pad",19.99,PIC-IPH-13P.jpeg,iPhone 13 Pro,PIC-IPH-13P
Picnic Plaid,"Case Features: Comfortable finger loop that can be used with either hand, Wallet pouch that is designed to fit 2 cards (as it breaks in, more cards can be added), Adjustable kickstand to prop up your phone, Vegan leather material, Shock-absorbing inner pad",19.99,PIC-IPH-13P-MAX.jpeg,iPhone 13 Pro Max,PIC-IPH-13P-MAX
Picnic Plaid,"Case Features: Comfortable finger loop that can be used with either hand, Wallet pouch that is designed to fit 2 cards (as it breaks in, more cards can be added), Adjustable kickstand to prop up your phone, Vegan leather material, Shock-absorbing inner pad",19.99,PIC-IPH-14.jpeg,iPhone 14,PIC-IPH-14
Picnic Plaid,"Case Features: Comfortable finger loop that can be used with either hand, Wallet pouch that is designed to fit 2 cards (as it breaks in, more cards can be added), Adjustable kickstand to prop up your phone, Vegan leather material, Shock-absorbing inner pad",19.99,PIC-IPH-14P.jpeg,iPhone 14 Pro,PIC-IPH-14P
Picnic Plaid,"Case Features: Comfortable finger loop that can be used with either hand, Wallet pouch that is designed to fit 2 cards (as it breaks in, more cards can be added), Adjustable kickstand to prop up your phone, Vegan leather material, Shock-absorbing inner pad",19.99,PIC-IPH-14P-MAX.jpeg,iPhone 14 Pro Max,PIC-IPH-14P-MAX
Pink Peony,"Case Features: Comfortable finger loop that can be used with either hand, Wallet pouch that is designed to fit 2 cards (as it breaks in, more cards can be added), Adjustable kickstand to prop up your phone, Vegan leather material, Shock-absorbing inner pad",19.99,PIN-IPH-11.jpeg,iPhone 11,PIN-IPH-11
Pink Peony,"Case Features: Comfortable finger loop that can be used with either hand, Wallet pouch that is designed to fit 2 cards (as it breaks in, more cards can be added), Adjustable kickstand to prop up your phone, Vegan leather material, Shock-absorbing inner pad",19.99,PIN-IPH-11P.jpeg,iPhone 11 Pro,PIN-IPH-11P
Pink Peony,"Case Features: Comfortable finger loop that can be used with either hand, Wallet pouch that is designed to fit 2 cards (as it breaks in, more cards can be added), Adjustable kickstand to prop up your phone, Vegan leather material, Shock-absorbing inner pad",19.99,PIN-IPH-11P-MAX.jpeg,iPhone 11 Pro Max,PIN-IPH-11P-MAX
Pink Peony,"Case Features: Comfortable finger loop that can be used with either hand, Wallet pouch that is designed to fit 2 cards (as it breaks in, more cards can be added), Adjustable kickstand to prop up your phone, Vegan leather material, Shock-absorbing inner pad",19.99,PIN-IPH-12.jpeg,iPhone 12 ,PIN-IPH-12
Pink Peony,"Case Features: Comfortable finger loop that can be used with either hand, Wallet pouch that is designed to fit 2 cards (as it breaks in, more cards can be added), Adjustable kickstand to prop up your phone, Vegan leather material, Shock-absorbing inner pad",19.99,PIN-IPH-12P-MAX.jpeg,iPhone 12 Pro Max,PIN-IPH-12P-MAX
Pink Peony,"Case Features: Comfortable finger loop that can be used with either hand, Wallet pouch that is designed to fit 2 cards (as it breaks in, more cards can be added), Adjustable kickstand to prop up your phone, Vegan leather material, Shock-absorbing inner pad",19.99,PIN-IPH-13.jpeg,iPhone 13,PIN-IPH-13
Pink Peony,"Case Features: Comfortable finger loop that can be used with either hand, Wallet pouch that is designed to fit 2 cards (as it breaks in, more cards can be added), Adjustable kickstand to prop up your phone, Vegan leather material, Shock-absorbing inner pad",19.99,PIN-IPH-13P.jpeg,iPhone 13 Pro,PIN-IPH-13P
Pink Peony,"Case Features: Comfortable finger loop that can be used with either hand, Wallet pouch that is designed to fit 2 cards (as it breaks in, more cards can be added), Adjustable kickstand to prop up your phone, Vegan leather material, Shock-absorbing inner pad",19.99,PIN-IPH-13P-MAX.jpeg,iPhone 13 Pro Max,PIN-IPH-13P-MAX
Pink Peony,"Case Features: Comfortable finger loop that can be used with either hand, Wallet pouch that is designed to fit 2 cards (as it breaks in, more cards can be added), Adjustable kickstand to prop up your phone, Vegan leather material, Shock-absorbing inner pad",19.99,PIN-IPH-14.jpeg,iPhone 14,PIN-IPH-14
Pink Peony,"Case Features: Comfortable finger loop that can be used with either hand, Wallet pouch that is designed to fit 2 cards (as it breaks in, more cards can be added), Adjustable kickstand to prop up your phone, Vegan leather material, Shock-absorbing inner pad",19.99,PIN-IPH-14P.jpeg,iPhone 14 Pro,PIN-IPH-14P
Pink Peony,"Case Features: Comfortable finger loop that can be used with either hand, Wallet pouch that is designed to fit 2 cards (as it breaks in, more cards can be added), Adjustable kickstand to prop up your phone, Vegan leather material, Shock-absorbing inner pad",19.99,PIN-IPH-14P-MAX.jpeg,iPhone 14 Pro Max,PIN-IPH-14P-MAX
Polka Dots,"Case Features: Comfortable finger loop that can be used with either hand, Wallet pouch that is designed to fit 2 cards (as it breaks in, more cards can be added), Adjustable kickstand to prop up your phone, Vegan leather material, Shock-absorbing inner pad",19.99,POL-IPH-11P.jpeg,iPhone 11 Pro,POL-IPH-11P
Polka Dots,"Case Features: Comfortable finger loop that can be used with either hand, Wallet pouch that is designed to fit 2 cards (as it breaks in, more cards can be added), Adjustable kickstand to prop up your phone, Vegan leather material, Shock-absorbing inner pad",19.99,POL-IPH-11P-MAX.jpeg,iPhone 11 Pro Max,POL-IPH-11P-MAX
Polka Dots,"Case Features: Comfortable finger loop that can be used with either hand, Wallet pouch that is designed to fit 2 cards (as it breaks in, more cards can be added), Adjustable kickstand to prop up your phone, Vegan leather material, Shock-absorbing inner pad",19.99,POL-IPH-12.jpeg,iPhone 12 ,POL-IPH-12
Polka Dots,"Case Features: Comfortable finger loop that can be used with either hand, Wallet pouch that is designed to fit 2 cards (as it breaks in, more cards can be added), Adjustable kickstand to prop up your phone, Vegan leather material, Shock-absorbing inner pad",19.99,POL-IPH-12P-MAX.jpeg,iPhone 12 Pro Max,POL-IPH-12P-MAX
Polka Dots,"Case Features: Comfortable finger loop that can be used with either hand, Wallet pouch that is designed to fit 2 cards (as it breaks in, more cards can be added), Adjustable kickstand to prop up your phone, Vegan leather material, Shock-absorbing inner pad",19.99,POL-IPH-13.jpeg,iPhone 13,POL-IPH-13
Polka Dots,"Case Features: Comfortable finger loop that can be used with either hand, Wallet pouch that is designed to fit 2 cards (as it breaks in, more cards can be added), Adjustable kickstand to prop up your phone, Vegan leather material, Shock-absorbing inner pad",19.99,POL-IPH-13P.jpeg,iPhone 13 Pro,POL-IPH-13P
Polka Dots,"Case Features: Comfortable finger loop that can be used with either hand, Wallet pouch that is designed to fit 2 cards (as it breaks in, more cards can be added), Adjustable kickstand to prop up your phone, Vegan leather material, Shock-absorbing inner pad",19.99,POL-IPH-13P-MAX.jpeg,iPhone 13 Pro Max,POL-IPH-13P-MAX
Polka Dots,"Case Features: Comfortable finger loop that can be used with either hand, Wallet pouch that is designed to fit 2 cards (as it breaks in, more cards can be added), Adjustable kickstand to prop up your phone, Vegan leather material, Shock-absorbing inner pad",19.99,POL-IPH-14.jpeg,iPhone 14,POL-IPH-14
Polka Dots,"Case Features: Comfortable finger loop that can be used with either hand, Wallet pouch that is designed to fit 2 cards (as it breaks in, more cards can be added), Adjustable kickstand to prop up your phone, Vegan leather material, Shock-absorbing inner pad",19.99,POL-IPH-14P.jpeg,iPhone 14 Pro,POL-IPH-14P
Polka Dots,"Case Features: Comfortable finger loop that can be used with either hand, Wallet pouch that is designed to fit 2 cards (as it breaks in, more cards can be added), Adjustable kickstand to prop up your phone, Vegan leather material, Shock-absorbing inner pad",19.99,POL-IPH-14P-MAX.jpeg,iPhone 14 Pro Max,POL-IPH-14P-MAX
Shades of Plum,"Case Features: Comfortable finger loop that can be used with either hand, Wallet pouch that is designed to fit 2 cards (as it breaks in, more cards can be added), Adjustable kickstand to prop up your phone, Vegan leather material, Shock-absorbing inner pad",19.99,SHA-IPH-11.jpeg,iPhone 11,SHA-IPH-11
Shades of Plum,"Case Features: Comfortable finger loop that can be used with either hand, Wallet pouch that is designed to fit 2 cards (as it breaks in, more cards can be added), Adjustable kickstand to prop up your phone, Vegan leather material, Shock-absorbing inner pad",19.99,SHA-IPH-11P.jpeg,iPhone 11 Pro,SHA-IPH-11P
Shades of Plum,"Case Features: Comfortable finger loop that can be used with either hand, Wallet pouch that is designed to fit 2 cards (as it breaks in, more cards can be added), Adjustable kickstand to prop up your phone, Vegan leather material, Shock-absorbing inner pad",19.99,SHA-IPH-11P-MAX.jpeg,iPhone 11 Pro Max,SHA-IPH-11P-MAX
Shades of Plum,"Case Features: Comfortable finger loop that can be used with either hand, Wallet pouch that is designed to fit 2 cards (as it breaks in, more cards can be added), Adjustable kickstand to prop up your phone, Vegan leather material, Shock-absorbing inner pad",19.99,SHA-IPH-12.jpeg,iPhone 12 ,SHA-IPH-12
Shades of Plum,"Case Features: Comfortable finger loop that can be used with either hand, Wallet pouch that is designed to fit 2 cards (as it breaks in, more cards can be added), Adjustable kickstand to prop up your phone, Vegan leather material, Shock-absorbing inner pad",19.99,SHA-IPH-12P-MAX.jpeg,iPhone 12 Pro Max,SHA-IPH-12P-MAX
Shades of Plum,"Case Features: Comfortable finger loop that can be used with either hand, Wallet pouch that is designed to fit 2 cards (as it breaks in, more cards can be added), Adjustable kickstand to prop up your phone, Vegan leather material, Shock-absorbing inner pad",19.99,SHA-IPH-13.jpeg,iPhone 13,SHA-IPH-13
Shades of Plum,"Case Features: Comfortable finger loop that can be used with either hand, Wallet pouch that is designed to fit 2 cards (as it breaks in, more cards can be added), Adjustable kickstand to prop up your phone, Vegan leather material, Shock-absorbing inner pad",19.99,SHA-IPH-13P.jpeg,iPhone 13 Pro,SHA-IPH-13P
Shades of Plum,"Case Features: Comfortable finger loop that can be used with either hand, Wallet pouch that is designed to fit 2 cards (as it breaks in, more cards can be added), Adjustable kickstand to prop up your phone, Vegan leather material, Shock-absorbing inner pad",19.99,SHA-IPH-13P-MAX.jpeg,iPhone 13 Pro Max,SHA-IPH-13P-MAX
Shades of Plum,"Case Features: Comfortable finger loop that can be used with either hand, Wallet pouch that is designed to fit 2 cards (as it breaks in, more cards can be added), Adjustable kickstand to prop up your phone, Vegan leather material, Shock-absorbing inner pad",19.99,SHA-IPH-14.jpeg,iPhone 14,SHA-IPH-14
Shades of Plum,"Case Features: Comfortable finger loop that can be used with either hand, Wallet pouch that is designed to fit 2 cards (as it breaks in, more cards can be added), Adjustable kickstand to prop up your phone, Vegan leather material, Shock-absorbing inner pad",19.99,SHA-IPH-14P.jpeg,iPhone 14 Pro,SHA-IPH-14P
Shades of Plum,"Case Features: Comfortable finger loop that can be used with either hand, Wallet pouch that is designed to fit 2 cards (as it breaks in, more cards can be added), Adjustable kickstand to prop up your phone, Vegan leather material, Shock-absorbing inner pad",19.99,SHA-IPH-14P-MAX.jpeg,iPhone 14 Pro Max,SHA-IPH-14P-MAX
Sunkissed,"Case Features: Comfortable finger loop that can be used with either hand, Wallet pouch that is designed to fit 2 cards (as it breaks in, more cards can be added), Adjustable kickstand to prop up your phone, Vegan leather material, Shock-absorbing inner pad",19.99,SUN-IPH-11.jpeg,iPhone 11 ,SUN-IPH-11
Sunkissed,"Case Features: Comfortable finger loop that can be used with either hand, Wallet pouch that is designed to fit 2 cards (as it breaks in, more cards can be added), Adjustable kickstand to prop up your phone, Vegan leather material, Shock-absorbing inner pad",19.99,SUN-IPH-11P.jpeg,iPhone 11 Pro,SUN-IPH-11P
Sunkissed,"Case Features: Comfortable finger loop that can be used with either hand, Wallet pouch that is designed to fit 2 cards (as it breaks in, more cards can be added), Adjustable kickstand to prop up your phone, Vegan leather material, Shock-absorbing inner pad",19.99,SUN-IPH-11P-MAX.jpeg,iPhone 11 Pro Max,SUN-IPH-11P-MAX
Sunkissed,"Case Features: Comfortable finger loop that can be used with either hand, Wallet pouch that is designed to fit 2 cards (as it breaks in, more cards can be added), Adjustable kickstand to prop up your phone, Vegan leather material, Shock-absorbing inner pad",19.99,SUN-IPH-12.jpeg,iPhone 12 ,SUN-IPH-12
Sunkissed,"Case Features: Comfortable finger loop that can be used with either hand, Wallet pouch that is designed to fit 2 cards (as it breaks in, more cards can be added), Adjustable kickstand to prop up your phone, Vegan leather material, Shock-absorbing inner pad",19.99,SUN-IPH-13.jpeg,iPhone 13,SUN-IPH-13
Sunkissed,"Case Features: Comfortable finger loop that can be used with either hand, Wallet pouch that is designed to fit 2 cards (as it breaks in, more cards can be added), Adjustable kickstand to prop up your phone, Vegan leather material, Shock-absorbing inner pad",19.99,SUN-IPH-13P.jpeg,iPhone 13 Pro ,SUN-IPH-13P
Sunkissed,"Case Features: Comfortable finger loop that can be used with either hand, Wallet pouch that is designed to fit 2 cards (as it breaks in, more cards can be added), Adjustable kickstand to prop up your phone, Vegan leather material, Shock-absorbing inner pad",19.99,SUN-IPH-13P-MAX.jpeg,iPhone 13 Pro Max,SUN-IPH-13P-MAX
Sunkissed,"Case Features: Comfortable finger loop that can be used with either hand, Wallet pouch that is designed to fit 2 cards (as it breaks in, more cards can be added), Adjustable kickstand to prop up your phone, Vegan leather material, Shock-absorbing inner pad",19.99,SUN-IPH-14.jpeg,iPhone 14,SUN-IPH-14
Sunkissed,"Case Features: Comfortable finger loop that can be used with either hand, Wallet pouch that is designed to fit 2 cards (as it breaks in, more cards can be added), Adjustable kickstand to prop up your phone, Vegan leather material, Shock-absorbing inner pad",19.99,SUN-IPH-14P.jpeg,iPhone 14 Pro,SUN-IPH-14P
Sunkissed,"Case Features: Comfortable finger loop that can be used with either hand, Wallet pouch that is designed to fit 2 cards (as it breaks in, more cards can be added), Adjustable kickstand to prop up your phone, Vegan leather material, Shock-absorbing inner pad",19.99,SUN-IPH-14P-MAX.jpeg,iPhone 14 Pro Max,SUN-IPH-14P-MAX
Tropical Palms,"Case Features: Comfortable finger loop that can be used with either hand, Wallet pouch that is designed to fit 2 cards (as it breaks in, more cards can be added), Adjustable kickstand to prop up your phone, Vegan leather material, Shock-absorbing inner pad",19.99,TRO-IPH-12.jpeg,iPhone 12 ,TRO-IPH-12
Tropical Palms,"Case Features: Comfortable finger loop that can be used with either hand, Wallet pouch that is designed to fit 2 cards (as it breaks in, more cards can be added), Adjustable kickstand to prop up your phone, Vegan leather material, Shock-absorbing inner pad",19.99,TRO-IPH-12P-MAX.jpeg,iPhone 12 Pro Max,TRO-IPH-12P-MAX
Tropical Palms,"Case Features: Comfortable finger loop that can be used with either hand, Wallet pouch that is designed to fit 2 cards (as it breaks in, more cards can be added), Adjustable kickstand to prop up your phone, Vegan leather material, Shock-absorbing inner pad",19.99,TRO-IPH-13.jpeg,iPhone 13,TRO-IPH-13
Tropical Palms,"Case Features: Comfortable finger loop that can be used with either hand, Wallet pouch that is designed to fit 2 cards (as it breaks in, more cards can be added), Adjustable kickstand to prop up your phone, Vegan leather material, Shock-absorbing inner pad",19.99,TRO-IPH-13P.jpeg,iPhone 13 Pro,TRO-IPH-13P
Tropical Palms,"Case Features: Comfortable finger loop that can be used with either hand, Wallet pouch that is designed to fit 2 cards (as it breaks in, more cards can be added), Adjustable kickstand to prop up your phone, Vegan leather material, Shock-absorbing inner pad",19.99,TRO-IPH-13P-MAX.jpeg,iPhone 13 Pro Max,TRO-IPH-13P-MAX
Tropical Palms,"Case Features: Comfortable finger loop that can be used with either hand, Wallet pouch that is designed to fit 2 cards (as it breaks in, more cards can be added), Adjustable kickstand to prop up your phone, Vegan leather material, Shock-absorbing inner pad",19.99,TRO-IPH-14P.jpeg,iPhone 14,TRO-IPH-14P
Tropical Palms,"Case Features: Comfortable finger loop that can be used with either hand, Wallet pouch that is designed to fit 2 cards (as it breaks in, more cards can be added), Adjustable kickstand to prop up your phone, Vegan leather material, Shock-absorbing inner pad",19.99,TRO-IPH-14P-MAX.jpeg,iPhone 14 Pro Max,TRO-IPH-14P-MAX
Wildflower,"Case Features: Comfortable finger loop that can be used with either hand, Wallet pouch that is designed to fit 2 cards (as it breaks in, more cards can be added), Adjustable kickstand to prop up your phone, Vegan leather material, Shock-absorbing inner pad",19.99,WIL-IPH-13P.jpeg,iPhone 13 Pro,WIL-IPH-13P
Wildflower,"Case Features: Comfortable finger loop that can be used with either hand, Wallet pouch that is designed to fit 2 cards (as it breaks in, more cards can be added), Adjustable kickstand to prop up your phone, Vegan leather material, Shock-absorbing inner pad",19.99,WIL-IPH-14P.jpeg,iPhone 14 Pro,WIL-IPH-14P
Check it,"Case Features: Comfortable finger loop that can be used with either hand, Wallet pouch that is designed to fit 2 cards (as it breaks in, more cards can be added), Adjustable kickstand to prop up your phone, Vegan leather material, Shock-absorbing inner pad",19.99,WYL-IPH-14P.jpeg,iPhone 14 Pro,WYL-IPH-14P